target_id	PDB	chains	method	resolution
T-C1	1E4E	A/B=1-343	X-ray	2.50 A
T-C2	1OKR	A/B=1-123	X-ray	2.40 A
T-C2	1SAX	A/B=1-123	X-ray	2.80 A
T-C2	1SD6	A/B=1-123	X-ray	2.65 A
T-C2	1SD7	A/B=1-123	X-ray	2.65 A
T-C2	2D45	A/B/C/D=1-123	X-ray	3.80 A
T-C3	1LQK	A/B=1-135	X-ray	1.35 A
T-C3	1LQO	A/B=1-135	X-ray	2.00 A
T-C3	1LQP	A/B=1-135	X-ray	1.19 A
T-C3	1NKI	A/B=1-135	X-ray	0.95 A
T-C3	1NNR	A/B=1-135	X-ray	2.25 A
T-C4	4V6V	A1=1-639	EM	9.80 A
T-C5	2P7K			
T-C5	2P7L			
T-C5	2P7M			
T-C5	2P7O			
T-C5	2P7P			
T-C5	2p7k			
T-C5	2p7l			
T-C5	2p7m			
T-C5	2p7o			
T-C5	2p7p			
T-C6	2IWB	A=340-585	X-ray	1.80 A
T-C6	2IWC	A=334-585	X-ray	2.10 A
T-C6	2IWD	A=340-585	X-ray	2.40 A
T-C6	6O9S	A=334-585	X-ray	1.59 A
T-C7	1IWG	A=1-1049	X-ray	3.50 A
T-C7	1OY6	A=1-1049	X-ray	3.68 A
T-C7	1OY8	A=1-1049	X-ray	3.63 A
T-C7	1OY9	A=1-1049	X-ray	3.80 A
T-C7	1OYD	A=1-1049	X-ray	3.80 A
T-C7	1OYE	A=1-1049	X-ray	3.48 A
T-C7	1T9T	A=1-1049	X-ray	3.23 A
T-C7	1T9U	A=1-1049	X-ray	3.11 A
T-C7	1T9V	A=1-1049	X-ray	3.80 A
T-C7	1T9W	A=1-1049	X-ray	3.23 A
T-C7	1T9X	A=1-1049	X-ray	3.08 A
T-C7	1T9Y	A=1-1049	X-ray	3.64 A
T-C7	2DHH	A/B/C=1-1049	X-ray	2.80 A
T-C7	2DR6	A/B/C=1-1049	X-ray	3.30 A
T-C7	2DRD	A/B/C=1-1049	X-ray	3.10 A
T-C7	2GIF	A/B/C=1-1049	X-ray	2.90 A
T-C7	2HQC	A=1-1049	X-ray	3.56 A
T-C7	2HQD	A=1-1049	X-ray	3.65 A
T-C7	2HQF	A=1-1049	X-ray	3.38 A
T-C7	2HQG	A=1-1049	X-ray	3.38 A
T-C7	2HRT	A/B/C/D/E/F=1-1049	X-ray	3.00 A
T-C7	2I6W	A=1-1049	X-ray	3.10 A
T-C7	2J8S	A/B/C=1-1049	X-ray	2.54 A
T-C7	2RDD	A=1-1049	X-ray	3.50 A
T-C7	2W1B	A=1-1049	X-ray	3.85 A
T-C7	3AOA	A/B/C=1-1049	X-ray	3.35 A
T-C7	3AOB	A/B/C=1-1049	X-ray	3.35 A
T-C7	3AOC	A/B/C=1-1049	X-ray	3.34 A
T-C7	3AOD	A/B/C=1-1049	X-ray	3.30 A
T-C7	3D9B	A=1-1049	X-ray	3.42 A
T-C7	3NOC	A/B/C=1-1049	X-ray	2.70 A
T-C7	3NOG	A/B/C=1-1049	X-ray	3.34 A
T-C7	3W9H	A/B/C=1-1033	X-ray	3.05 A
T-C7	4C48	A=1-1047	X-ray	3.30 A
T-C7	4CDI	A=1-1049	X-ray	3.70 A
T-C7	4DX5	A/B/C=1-1049	X-ray	1.90 A
T-C7	4DX6	A/B/C=1-1049	X-ray	2.90 A
T-C7	4DX7	A/B/C=1-1049	X-ray	2.25 A
T-C7	4K7Q	A=1-1049	X-ray	3.50 A
T-C7	4U8V	A/B/C=1-1049	X-ray	2.30 A
T-C7	4U8Y	A/B/C=1-1049	X-ray	2.10 A
T-C7	4U95	A/B/C=1-1049	X-ray	2.00 A
T-C7	4U96	A/B/C=1-1049	X-ray	2.20 A
T-C7	4ZIT	A/B/C/D/E/F=1-1049	X-ray	3.30 A
T-C7	4ZIV	A/B/C/D/E/F=1-1049	X-ray	3.16 A
T-C7	4ZIW	A/B/C/D/E/F=1-1049	X-ray	3.40 A
T-C7	4ZJL	A/B/C/D/E/F=1-1049	X-ray	3.47 A
T-C7	4ZJO	A/B/C/D/E/F=1-1049	X-ray	3.60 A
T-C7	4ZJQ	A/B/C/D/E/F=1-1049	X-ray	3.59 A
T-C7	4ZLJ	A=1-1049	X-ray	3.26 A
T-C7	4ZLL	A=1-1049	X-ray	3.36 A
T-C7	4ZLN	A=1-1049	X-ray	3.56 A
T-C7	5EN5	A/B/C=39-329, A/B/C=561-869	X-ray	2.30 A
T-C7	5ENO	A/B/C=39-329, A/B/C=561-869	X-ray	2.20 A
T-C7	5ENP	A/B/C=39-329, A/B/C=561-869	X-ray	1.90 A
T-C7	5ENQ	A/B/C=39-329, A/B/C=561-869	X-ray	1.80 A
T-C7	5ENR	A/B/C=39-329, A/B/C=561-869	X-ray	2.30 A
T-C7	5ENS	A/B/C=39-329, A/B/C=561-869	X-ray	2.80 A
T-C7	5ENT	A/B/C=39-329, A/B/C=561-869	X-ray	2.50 A
T-C7	5JMN	A/B/C=1-1049	X-ray	2.50 A
T-C7	5NC5	A/B/C=1-1049	X-ray	3.20 A
T-C7	5NG5	J/K/L=1-1049	EM	6.50 A
T-C7	5O66	J/K/L=1-1049	EM	5.90 A
T-C7	5V5S	J/K/L=1-1049	EM	6.50 A
T-C7	5YIL	A/B/C=1-1049	X-ray	3.00 A
T-C7	6BAJ	A/B/C=1-1049	EM	3.20 A
T-C7	6CSX	A/B/C=1-1049	EM	3.00 A
T-C7	6Q4N	A/B/C=1-1049	X-ray	2.80 A
T-C7	6Q4O	A/B/C=1-1049	X-ray	2.80 A
T-C7	6Q4P	A/B/C=1-1049	X-ray	2.80 A
T-C7	6SGR	A/B/C=1-1049	EM	3.17 A
T-C7	6SGS	A/B/C=1-1049	EM	3.20 A
T-C7	6SGT	A/B/C=1-1049	EM	3.46 A
T-C7	6SGU	A/B/C=1-1049	EM	3.27 A
T-C7	6ZO5	A/B/C=1-1049	X-ray	2.50 A
T-C7	6ZO6	A/B/C=1-1049	X-ray	2.35 A
T-C7	6ZO7	A/B/C=1-1049	X-ray	2.85 A
T-C7	6ZO8	A/B/C=1-1049	X-ray	2.50 A
T-C7	6ZO9	A/B/C=1-1049	X-ray	2.70 A
T-C7	6ZOA	A/B/C=1-1049	X-ray	3.05 A
T-C7	6ZOB	A/B/C=1-1049	X-ray	2.80 A
T-C7	6ZOC	A/B/C=1-1049	X-ray	2.89 A
T-C7	6ZOD	A/B/C=1-1049	X-ray	2.85 A
T-C7	6ZOE	A=1-1049	X-ray	2.85 A
T-C7	6ZOF	A/B/C=1-1049	X-ray	3.30 A
T-C7	6ZOG	A/B/C=1-1049	X-ray	2.75 A
T-C7	6ZOH	A/B/C=1-1049	X-ray	2.80 A
T-C7	7B5P	A/B/C=2-1049	EM	3.20 A
T-C7	7B8R	A/B/C=39-329, A/B/C=561-869	X-ray	2.10 A
T-C7	7B8S	A/B/C=39-329, A/B/C=561-869	X-ray	2.30 A
T-C7	7B8T	A/B/C=39-329, A/B/C=561-869	X-ray	2.70 A
T-C7	7O3L	A/B/C/D/E/F=1-1049	X-ray	3.53 A
T-C7	7O3M	A/B/C/D/E/F=1-1049	X-ray	3.55 A
T-C7	7O3N	A/B/C/D/E/F=1-1049	X-ray	3.56 A
T-C7	7OUK	A/B/C=1-1049	X-ray	2.60 A
T-C7	7OUL	A/B/C=1-1049	X-ray	2.80 A
T-C7	7OUM	A/B/C=1-1049	X-ray	2.45 A
T-C7	7RR6	A/B/C=1-1049	EM	3.10 A
T-C7	7RR7	A/B/C=1-1049	EM	3.05 A
T-C7	7RR8	A/B/C=1-1049	EM	3.51 A
T-C7	8PX7	A=1-1049	X-ray	3.40 A
T-C7	8QZQ	A/B/C=1-1049	EM	3.23 A
T-C7	8QZT	A/B/C=1-1049	EM	3.52 A
T-C7	9BFH	A/B/C=1-1049	EM	2.62 A
T-C7	9BFM	A/B/C=1-1049	EM	2.71 A
T-C7	9BFN	A/B/C=1-1049	EM	2.71 A
T-C7	9BFT	A/B/C=1-1049	EM	2.44 A
T-C7	9FDP	C=1-1049	EM	3.30 A
T-C7	9FDQ	C=1-1049	EM	3.47 A
T-C7	9FE2	A=1-1049	X-ray	1.89 A
T-C7	9FE3	A=1-1049	X-ray	2.30 A
T-C7	9FE4	B=1-1049	X-ray	2.80 A
T-C8	1BL0	A=1-127	X-ray	2.30 A
T-C8	1XS9	A=1-127	NMR	-
T-C9	6NVM	A=1-290	X-ray	1.75 A
T-C10	1T5E	A/B/C/D/E/F/G/H/I/J/K/L/M=24-383	X-ray	3.00 A
T-C10	1VF7	A/B/C/D/E/F/G/H/I/J/K/L/M=25-383	X-ray	2.40 A
T-C10	2V4D	A/B/C/D/E/F/G/H/I/J/K/L/M=24-383	X-ray	3.20 A
T-C10	4DK1	A/B/C/D=95-158	X-ray	3.50 A
T-C10	6IOK	I/J/K/L/M/N=25-383	EM	3.64 A
T-C10	6IOL	I/J/K/L/M/N=25-383	EM	3.76 A
T-C10	6TA5	D/E/F/G/H/I=24-383	EM	3.20 A
T-C10	6TA6	D/E/F/G/H/I=24-383	EM	3.20 A
T-C11	2V50	A/B/C/D/E/F=1-1046	X-ray	3.00 A
T-C11	3W9I	A/B/C/D/E/F=1-1046	X-ray	2.71 A
T-C11	3W9J	A/B/C/D/E/F=1-1046	X-ray	3.15 A
T-C11	6IIA	A/B/C/D/E/F=1-1046	X-ray	2.91 A
T-C11	6IOK	E/F/G=1-1046	EM	3.64 A
T-C11	6IOL	E/F/G=1-1046	EM	3.76 A
T-C11	6T7S	J/K/L=1-1046	EM	4.50 A
T-C11	6TA5	J/K/L=1-1046	EM	3.20 A
T-C11	6TA6	J/K/L=1-1046	EM	3.20 A
T-C12	1WP1	A/B=18-485	X-ray	2.56 A
T-C12	3D5K	A/B/C=18-485	X-ray	2.40 A
T-C12	4Y1K	A/B/C/D/E/F=18-485	X-ray	3.80 A
T-C12	6IOK	A/B/C=18-485	EM	3.64 A
T-C12	6IOL	A/B/C=18-485	EM	3.76 A
T-C12	6TA5	A/B/C=18-485	EM	3.20 A
T-C12	6TA6	A/B/C=18-485	EM	3.20 A
T-C12	6ZRE	A/B=18-485	X-ray	2.80 A
T-C12	7AKZ	A/B=18-485	X-ray	3.20 A
T-C13	3D40	A=1-266	X-ray	1.53 A
T-C13	3D41	A=1-266	X-ray	2.20 A
T-C13	3QUN	A=1-266	X-ray	1.87 A
T-C13	3QUO	A=1-266	X-ray	1.58 A
T-C13	3QUR	A=1-266	X-ray	1.57 A
T-C13	3QVF	A=1-266	X-ray	1.85 A
T-C13	3QVH	A=1-266	X-ray	1.85 A
T-C14	4TZE	A/B=42-270	X-ray	1.57 A
T-C15	8F3E	A/B/C=1-1037	EM	3.09 A
T-C15	8F4N	A/B=1-1037	EM	2.95 A
T-C15	8F4R	A/B/C=1-1037	EM	3.06 A
T-C15	8F56	A/B=1-1037	EM	2.98 A
T-C16	1LNW	A/B/C/D/E/F/G/H=1-147	X-ray	2.10 A
T-C16	3ECH	A/B=1-142	X-ray	1.80 A
T-C16	3MEX	A/B=1-142	X-ray	2.10 A
T-C16	4ZZL	A/B=5-139	X-ray	2.19 A
T-C17	1LNW	A/B/C/D/E/F/G/H=1-147	X-ray	2.10 A
T-C17	3ECH	A/B=1-142	X-ray	1.80 A
T-C17	3MEX	A/B=1-142	X-ray	2.10 A
T-C17	4ZZL	A/B=5-139	X-ray	2.19 A
T-C18	1A7T	A/B=18-249	X-ray	1.85 A
T-C18	1A8T	A/B=18-249	X-ray	2.55 A
T-C18	1HLK	A/B=21-247	X-ray	2.50 A
T-C18	1KR3	A/B=18-249	X-ray	2.50 A
T-C18	1ZNB	A/B=18-249	X-ray	1.85 A
T-C18	2BMI	A/B=18-249	X-ray	2.00 A
T-C18	2ZNB	A/B=18-249	X-ray	2.15 A
T-C18	3ZNB	A/B=18-249	X-ray	2.70 A
T-C18	4ZNB	A/B=18-249	X-ray	2.65 A
T-C19	3PG4	A=49-270	X-ray	2.00 A
T-C19	3RKJ	A/B=39-270	X-ray	2.00 A
T-C19	3RKK	A/B=39-270	X-ray	2.35 A
T-C19	3SBL	A=39-270	X-ray	2.31 A
T-C19	3SFP	A/B/C/D=39-270	X-ray	2.27 A
T-C19	3SPU	A/B/C/D/E=27-270	X-ray	2.10 A
T-C19	3SRX	A/B=37-270	X-ray	2.50 A
T-C19	3ZR9	A=42-270	X-ray	1.91 A
T-C19	4EXS	A/B=1-270	X-ray	2.40 A
T-C19	4EXY	A/B=1-270	X-ray	1.47 A
T-C19	4EY2	A/B=1-270	X-ray	1.17 A
T-C19	4EYB	A/B=1-270	X-ray	1.16 A
T-C19	4EYF	A/B=1-270	X-ray	1.80 A
T-C19	4EYL	A/B=1-270	X-ray	1.90 A
T-C19	4GYQ	A/B/C/D=31-270	X-ray	1.35 A
T-C19	4GYU	A=31-270	X-ray	1.80 A
T-C19	4H0D	A/B=31-270	X-ray	1.50 A
T-C19	4HKY	A/B=31-270	X-ray	2.00 A
T-C19	4HL1	A/B=31-270	X-ray	1.50 A
T-C19	4HL2	A/B=31-270	X-ray	1.05 A
T-C19	4RAM	A/B=31-270	X-ray	1.50 A
T-C19	4RAW	A/B=31-270	X-ray	1.30 A
T-C19	4RBS	A/B=31-270	X-ray	2.40 A
T-C19	4RL0	A/B=29-270	X-ray	1.30 A
T-C19	4RL2	A/B=29-270	X-ray	2.01 A
T-C19	4RM5	A/B/C/D=29-270	X-ray	2.10 A
T-C19	4U4L	A/B/C/D=27-270	X-ray	1.90 A
T-C19	5A5Z	A/C=29-270	X-ray	2.60 A
T-C19	5JQJ	A=29-270	X-ray	1.67 A
T-C19	5K4M	A=29-270	X-ray	1.98 A
T-C19	5N0H	A/B=29-270	X-ray	1.90 A
T-C19	5N0I	A/B=29-270	X-ray	1.47 A
T-C19	5NBK	A/C=29-270	X-ray	2.60 A
T-C19	5O2E	A/B=29-270	X-ray	1.30 A
T-C19	5O2F	A/B=29-270	X-ray	2.01 A
T-C19	5WIG	A/B=42-270	X-ray	1.40 A
T-C19	5XP6	A=29-270	X-ray	0.95 A
T-C19	5XP9	A=29-270	X-ray	1.55 A
T-C19	5ZGE	A/B=29-270	X-ray	1.00 A
T-C19	5ZGF	A=29-270	X-ray	1.20 A
T-C19	5ZGI	A=29-270	X-ray	0.98 A
T-C19	5ZGP	A/B=29-270	X-ray	1.15 A
T-C19	5ZGQ	A/B=29-270	X-ray	1.50 A
T-C19	5ZGR	A/B=29-270	X-ray	1.15 A
T-C19	5ZGT	A/B=29-270	X-ray	1.20 A
T-C19	5ZGU	A/B=29-270	X-ray	1.55 A
T-C19	5ZGV	A/B=29-270	X-ray	1.15 A
T-C19	5ZGW	A=29-270	X-ray	0.95 A
T-C19	5ZGX	A=29-270	X-ray	0.95 A
T-C19	5ZGY	A=29-270	X-ray	0.95 A
T-C19	5ZGZ	A=29-270	X-ray	0.95 A
T-C19	5ZH1	A/B=29-270	X-ray	1.05 A
T-C19	5ZIO	A=29-270	X-ray	0.98 A
T-C19	5ZJ1	A=29-270	X-ray	0.96 A
T-C19	5ZJ2	A=29-270	X-ray	1.10 A
T-C19	5ZJ7	A=29-270	X-ray	0.96 A
T-C19	5ZJ8	A=29-270	X-ray	0.96 A
T-C19	5ZJC	A=29-270	X-ray	0.96 A
T-C19	6C6I	A/B=39-63, A/B=75-270	X-ray	1.65 A
T-C19	6CAC	A/B/C/D=39-270	X-ray	1.79 A
T-C19	6D1A	A=42-270	X-ray	1.25 A
T-C19	6D1B	A=42-270	X-ray	1.25 A
T-C19	6D1C	A=42-270	X-ray	1.25 A
T-C19	6D1D	A=42-270	X-ray	1.40 A
T-C19	6D1E	A=42-270	X-ray	1.15 A
T-C19	6D1F	A=42-270	X-ray	1.15 A
T-C19	6D1G	A=42-270	X-ray	1.15 A
T-C19	6D1H	A=42-270	X-ray	1.25 A
T-C19	6D1I	A=42-270	X-ray	1.10 A
T-C19	6D1J	A=42-270	X-ray	1.15 A
T-C19	6D1K	A=42-270	X-ray	1.20 A
T-C19	6EFJ	A=42-270	X-ray	1.65 A
T-C19	6EX7	A/B=31-270	X-ray	1.95 A
T-C19	6IBS	A/B=27-270	X-ray	1.37 A
T-C19	6IBV	A/B=27-270	X-ray	1.40 A
T-C19	6JKB	A/B=28-270	X-ray	2.44 A
T-C19	6LHE	A/B=29-270	X-ray	1.21 A
T-C19	6LIP	A=29-270	X-ray	0.98 A
T-C19	6LIZ	A=29-270	X-ray	1.05 A
T-C19	6LJ0	A=29-270	X-ray	1.20 A
T-C19	6LJ1	A=29-270	X-ray	1.15 A
T-C19	6LJ2	A=29-270	X-ray	1.35 A
T-C19	6LJ4	A=29-270	X-ray	1.15 A
T-C19	6LJ5	A=29-270	X-ray	1.26 A
T-C19	6LJ6	A=29-270	X-ray	1.27 A
T-C19	6LJ7	A=29-270	X-ray	1.16 A
T-C19	6LJ8	A=29-270	X-ray	1.40 A
T-C19	6MDU	A=42-270	X-ray	1.15 A
T-C19	6MGY	A/B/C/D=31-270	X-ray	1.60 A
T-C19	6MGZ	A/B=31-270	X-ray	1.65 A
T-C19	6NY7	A=42-270	X-ray	1.40 A
T-C19	6O3R	A=42-270	X-ray	1.30 A
T-C19	6Q2Y	A/B=27-270	X-ray	1.00 A
T-C19	6Q30	A/B=27-270	X-ray	1.50 A
T-C19	6RMF	A/B=29-270	X-ray	1.51 A
T-C19	6TWT	A/B=29-270	X-ray	0.95 A
T-C19	6V1M	A=42-270	X-ray	1.05 A
T-C19	6ZYP	A/B=29-270	X-ray	1.40 A
T-C19	6ZYQ	A/B=29-270	X-ray	1.70 A
T-C19	8HY6	A/B=30-270	X-ray	1.40 A
T-C19	8HYC	A/B=30-270	X-ray	1.15 A
T-C19	8R5T	A/B=29-270	X-ray	1.58 A
T-C19	8SK2	A=2-270	X-ray	1.30 A
T-C19	8SKO	A/B=42-270	X-ray	1.30 A
T-C19	8SKP	A=42-270	X-ray	1.30 A
T-C19	9D9N	A/B=42-270	X-ray	1.68 A
T-C19	9DAG	A=42-270	X-ray	1.84 A
T-C19	9DB7	A/B=42-270	X-ray	1.78 A
T-C19	9DE3	A=42-270	X-ray	2.15 A
T-C19	9DEW	A=42-270	X-ray	1.65 A
T-C19	9R0X	A/B=29-270	X-ray	1.13 A
T-C19	9R0Y	A/B=29-270	X-ray	1.27 A
T-C19	9U9C	A/B=29-270	X-ray	1.25 A
T-C20	7F8A	A=1-261	X-ray	1.90 A
T-C20	7F8B	A=1-261	X-ray	2.25 A
T-C20	7F8C	A=1-261	X-ray	2.25 A
T-C21	1L9Y	A/B=20-281	X-ray	2.01 A
T-C21	5W90	A=20-282	X-ray	1.78 A
T-C21	5WCK	A/B=20-282	X-ray	1.65 A
T-C22	3ECO	A/B=1-139	X-ray	2.40 A
T-C23	5AZS	A/B/C=20-479	X-ray	3.10 A
T-C24	5AZO	A=26-472	X-ray	2.70 A
T-C24	5AZP	A/B/C=26-472	X-ray	1.69 A
T-C24	5IUY	A/B/C=26-472	X-ray	2.29 A
T-C24	5NSW	A/B/C=26-472	X-ray	2.50 A
T-C25	6L33	A/B/C/D=139-347	X-ray	2.00 A
T-C26	8KE8	A/B=1-213	X-ray	2.05 A
T-C27	5DAJ	A/B/C/D/E/F/G/H=1-212	X-ray	2.65 A
T-C27	5H9T	A/B/C/D/E/F/G/H=1-212	X-ray	2.89 A
T-C28	9ILW	A/B=25-537	X-ray	2.70 A
T-C29	2YNT	A/B/C=19-250	X-ray	1.60 A
T-C29	2YNU	A/B=19-250	X-ray	2.06 A
T-C29	2YNV	A/B=19-250	X-ray	2.05 A
T-C29	2YNW	A/B=19-250	X-ray	1.70 A
T-C29	5ACP	A/B=1-250	X-ray	1.98 A
T-C29	5ACQ	A/B=1-250	X-ray	1.70 A
T-C29	5ACR	A/B=1-250	X-ray	1.90 A
T-C29	5ACS	A/B=1-250	X-ray	1.46 A
T-C29	5ACT	A/B=1-250	X-ray	1.81 A
T-C30	3Q6V	A/B=3-234	X-ray	1.37 A
T-C30	3SD9	A/B=3-234	X-ray	1.83 A
T-C30	5EW0	A/B=3-234	X-ray	1.30 A
T-C30	7BJ9	A/B=3-234	X-ray	1.21 A
T-C30	8HXN	A=4-233	X-ray	1.35 A
T-C31	4AWY	B=1-303	X-ray	1.60 A
T-C31	4AWZ	A/B/C=1-303	X-ray	1.80 A
T-C31	4AX0	B=1-303	X-ray	1.74 A
T-C31	4AX1	B=1-303	X-ray	1.40 A
T-C31	4P62	A=1-294	X-ray	1.89 A
T-C32	3VPE	A=19-280	X-ray	1.60 A
T-C32	3VQZ	A=19-280	X-ray	2.20 A
T-C32	5AXO	A=19-280	X-ray	1.39 A
T-C32	5AXR	A=19-280	X-ray	2.10 A
T-C32	5AYA	A=19-280	X-ray	2.02 A
T-C32	5B15	A=19-280	X-ray	1.39 A
T-C32	5B1U	A=19-280	X-ray	1.57 A
T-C32	6K4T	A=19-280	X-ray	1.39 A
T-C32	6K4X	A=19-280	X-ray	1.17 A
T-C33	2GMN	A/B=21-294	X-ray	1.40 A
T-C33	3LVZ	A/B=1-294	X-ray	1.40 A
T-C33	3lvz			
T-C33	3m8t			
T-C33	5NGG	A/B=1-294	X-ray	1.18 A
T-C33	5NJW	A/B=1-294	X-ray	1.25 A
T-C33	5WCM	A/B=32-294	X-ray	1.20 A
T-C33	5ngg			
T-C33	5njw			
T-C34	3B89	A=2-251	X-ray	2.60 A
T-C34	3FRH	A=1-251	X-ray	1.20 A
T-C34	3FRI	A=1-251	X-ray	1.80 A
T-C35	3LCU	A=1-274	X-ray	2.10 A
T-C35	3LCV	B=1-274	X-ray	2.00 A
T-C36	1AXB	A=24-286	X-ray	2.00 A
T-C36	1BT5	A=24-286	X-ray	1.80 A
T-C36	1BTL	A=24-286	X-ray	1.80 A
T-C36	1CK3	A=24-284	X-ray	2.28 A
T-C36	1ERM	A=24-286	X-ray	1.70 A
T-C36	1ERO	A=24-286	X-ray	2.10 A
T-C36	1ERQ	A=24-286	X-ray	1.90 A
T-C36	1ESU	A=24-284	X-ray	2.00 A
T-C36	1FQG	A=24-286	X-ray	1.70 A
T-C36	1JTD	A=24-286	X-ray	2.30 A
T-C36	1JTG	A/C=24-286	X-ray	1.73 A
T-C36	1JVJ	A=24-286	X-ray	1.73 A
T-C36	1JWP	A=24-286	X-ray	1.75 A
T-C36	1JWV	A=24-286	X-ray	1.85 A
T-C36	1JWZ	A=24-286	X-ray	1.80 A
T-C36	1LHY	A=24-284	X-ray	2.00 A
T-C36	1LI0	A=24-284	X-ray	1.61 A
T-C36	1LI9	A=24-284	X-ray	1.52 A
T-C36	1M40	A=24-286	X-ray	0.85 A
T-C36	1NXY	A=24-286	X-ray	1.60 A
T-C36	1NY0	A=24-286	X-ray	1.75 A
T-C36	1NYM	A=24-286	X-ray	1.20 A
T-C36	1NYY	A=24-286	X-ray	1.90 A
T-C36	1PZO	A=24-284	X-ray	1.90 A
T-C36	1PZP	A=24-284	X-ray	1.45 A
T-C36	1S0W	A/B=24-286	X-ray	2.30 A
T-C36	1TEM	A=24-286	X-ray	1.95 A
T-C36	1XPB	A=24-286	X-ray	1.90 A
T-C36	1XXM	A/B=24-286	X-ray	1.90 A
T-C36	1YT4	A=24-284	X-ray	1.40 A
T-C36	1ZG4	A=1-284	X-ray	1.55 A
T-C36	1ZG6	A=1-284	X-ray	2.10 A
T-C36	2B5R	A/B=24-286	X-ray	1.65 A
T-C36	2V1Z	A=25-38, A=41-286	X-ray	1.60 A
T-C36	2V20	A=25-38, A=41-286	X-ray	1.67 A
T-C36	3C7U	A/C=24-286	X-ray	2.20 A
T-C36	3C7V	A/C=24-286	X-ray	2.07 A
T-C36	3CMZ	A=24-286	X-ray	1.92 A
T-C36	3DTM	A=24-286	X-ray	2.00 A
T-C36	3JYI	A/B/C/D/E/F=24-286	X-ray	2.70 A
T-C36	3TOI	A/B=39-283	X-ray	1.90 A
T-C36	4DXB	A/B=24-226	X-ray	2.29 A
T-C36	4DXC	A=24-226	X-ray	2.30 A
T-C36	4GKU	A=24-286	X-ray	1.92 A
T-C36	4IBR	A=24-286	X-ray	2.20 A
T-C36	4IBX	A/B/C/D/E=24-286	X-ray	2.68 A
T-C36	4ID4	A=24-147, A=189-286	X-ray	1.05 A
T-C36	4MEZ	A/B=24-286	X-ray	2.05 A
T-C36	4QY5	A=24-147, A=189-286	X-ray	1.50 A
T-C36	4QY6	A=24-147, A=189-286	X-ray	1.15 A
T-C36	4R4R	A=24-147, A=189-286	X-ray	1.20 A
T-C36	4R4S	A=24-149, A=189-286	X-ray	1.10 A
T-C36	4RVA	A=24-286	X-ray	1.44 A
T-C36	4RX2	A/B/C/D/E/F/G/H=24-286	X-ray	2.31 A
T-C36	4RX3	A=24-286	X-ray	1.39 A
T-C36	4ZJ1	A=1-286	X-ray	1.54 A
T-C36	4ZJ2	A=1-286	X-ray	1.80 A
T-C36	4ZJ3	A=1-286	X-ray	1.70 A
T-C36	5HVI	A/B/C/D=24-286	X-ray	1.64 A
T-C36	5HW1	A/B/C/D=24-286	X-ray	1.70 A
T-C36	5HW5	A/B/C/D=24-286	X-ray	1.41 A
T-C36	5I52	A/B/C/D=24-286	X-ray	1.75 A
T-C36	5I63	A/B/C/D=24-286	X-ray	1.95 A
T-C36	5IQ8	A/B/C/D=24-286	X-ray	2.06 A
T-C36	5KKF	A/B/C/D=24-286	X-ray	1.82 A
T-C36	5KPU	A/B/C/D=24-286	X-ray	1.50 A
T-C36	5NPO	A=24-286	X-ray	1.95 A
T-C36	6APA	A/B/C/D=24-286	X-ray	1.86 A
T-C36	6AYK	A/B/C/D=24-286	X-ray	1.44 A
T-C36	6B2N	A/B/C/D=24-286	X-ray	2.00 A
T-C36	7QLP	A/B/C/D/E/F=24-286	X-ray	2.30 A
T-C36	7QNK	A/B/C/D/E/F=24-286	X-ray	2.50 A
T-C36	7QOR	AAA/BBB/CCC/DDD/EEE/FFF=24-286	X-ray	2.00 A
T-C36	8DDZ	A/B/C/D=24-286	X-ray	1.45 A
T-C36	8DE0	A/B/C/D=24-286	X-ray	1.72 A
T-C36	8DE1	A/B/C/D=24-286	X-ray	1.56 A
T-C36	8DE2	A/B/C/D=24-286	X-ray	2.45 A
T-C37	1AXB	A=24-286	X-ray	2.00 A
T-C37	1BT5	A=24-286	X-ray	1.80 A
T-C37	1BTL	A=24-286	X-ray	1.80 A
T-C37	1CK3	A=24-284	X-ray	2.28 A
T-C37	1ERM	A=24-286	X-ray	1.70 A
T-C37	1ERO	A=24-286	X-ray	2.10 A
T-C37	1ERQ	A=24-286	X-ray	1.90 A
T-C37	1ESU	A=24-284	X-ray	2.00 A
T-C37	1FQG	A=24-286	X-ray	1.70 A
T-C37	1JTD	A=24-286	X-ray	2.30 A
T-C37	1JTG	A/C=24-286	X-ray	1.73 A
T-C37	1JVJ	A=24-286	X-ray	1.73 A
T-C37	1JWP	A=24-286	X-ray	1.75 A
T-C37	1JWV	A=24-286	X-ray	1.85 A
T-C37	1JWZ	A=24-286	X-ray	1.80 A
T-C37	1LHY	A=24-284	X-ray	2.00 A
T-C37	1LI0	A=24-284	X-ray	1.61 A
T-C37	1LI9	A=24-284	X-ray	1.52 A
T-C37	1M40	A=24-286	X-ray	0.85 A
T-C37	1NXY	A=24-286	X-ray	1.60 A
T-C37	1NY0	A=24-286	X-ray	1.75 A
T-C37	1NYM	A=24-286	X-ray	1.20 A
T-C37	1NYY	A=24-286	X-ray	1.90 A
T-C37	1PZO	A=24-284	X-ray	1.90 A
T-C37	1PZP	A=24-284	X-ray	1.45 A
T-C37	1S0W	A/B=24-286	X-ray	2.30 A
T-C37	1TEM	A=24-286	X-ray	1.95 A
T-C37	1XPB	A=24-286	X-ray	1.90 A
T-C37	1XXM	A/B=24-286	X-ray	1.90 A
T-C37	1YT4	A=24-284	X-ray	1.40 A
T-C37	1ZG4	A=1-284	X-ray	1.55 A
T-C37	1ZG6	A=1-284	X-ray	2.10 A
T-C37	2B5R	A/B=24-286	X-ray	1.65 A
T-C37	2V1Z	A=25-38, A=41-286	X-ray	1.60 A
T-C37	2V20	A=25-38, A=41-286	X-ray	1.67 A
T-C37	3C7U	A/C=24-286	X-ray	2.20 A
T-C37	3C7V	A/C=24-286	X-ray	2.07 A
T-C37	3CMZ	A=24-286	X-ray	1.92 A
T-C37	3DTM	A=24-286	X-ray	2.00 A
T-C37	3JYI	A/B/C/D/E/F=24-286	X-ray	2.70 A
T-C37	3TOI	A/B=39-283	X-ray	1.90 A
T-C37	4DXB	A/B=24-226	X-ray	2.29 A
T-C37	4DXC	A=24-226	X-ray	2.30 A
T-C37	4GKU	A=24-286	X-ray	1.92 A
T-C37	4IBR	A=24-286	X-ray	2.20 A
T-C37	4IBX	A/B/C/D/E=24-286	X-ray	2.68 A
T-C37	4ID4	A=24-147, A=189-286	X-ray	1.05 A
T-C37	4MEZ	A/B=24-286	X-ray	2.05 A
T-C37	4QY5	A=24-147, A=189-286	X-ray	1.50 A
T-C37	4QY6	A=24-147, A=189-286	X-ray	1.15 A
T-C37	4R4R	A=24-147, A=189-286	X-ray	1.20 A
T-C37	4R4S	A=24-149, A=189-286	X-ray	1.10 A
T-C37	4RVA	A=24-286	X-ray	1.44 A
T-C37	4RX2	A/B/C/D/E/F/G/H=24-286	X-ray	2.31 A
T-C37	4RX3	A=24-286	X-ray	1.39 A
T-C37	4ZJ1	A=1-286	X-ray	1.54 A
T-C37	4ZJ2	A=1-286	X-ray	1.80 A
T-C37	4ZJ3	A=1-286	X-ray	1.70 A
T-C37	5HVI	A/B/C/D=24-286	X-ray	1.64 A
T-C37	5HW1	A/B/C/D=24-286	X-ray	1.70 A
T-C37	5HW5	A/B/C/D=24-286	X-ray	1.41 A
T-C37	5I52	A/B/C/D=24-286	X-ray	1.75 A
T-C37	5I63	A/B/C/D=24-286	X-ray	1.95 A
T-C37	5IQ8	A/B/C/D=24-286	X-ray	2.06 A
T-C37	5KKF	A/B/C/D=24-286	X-ray	1.82 A
T-C37	5KPU	A/B/C/D=24-286	X-ray	1.50 A
T-C37	5NPO	A=24-286	X-ray	1.95 A
T-C37	6APA	A/B/C/D=24-286	X-ray	1.86 A
T-C37	6AYK	A/B/C/D=24-286	X-ray	1.44 A
T-C37	6B2N	A/B/C/D=24-286	X-ray	2.00 A
T-C37	7QLP	A/B/C/D/E/F=24-286	X-ray	2.30 A
T-C37	7QNK	A/B/C/D/E/F=24-286	X-ray	2.50 A
T-C37	7QOR	AAA/BBB/CCC/DDD/EEE/FFF=24-286	X-ray	2.00 A
T-C37	8DDZ	A/B/C/D=24-286	X-ray	1.45 A
T-C37	8DE0	A/B/C/D=24-286	X-ray	1.72 A
T-C37	8DE1	A/B/C/D=24-286	X-ray	1.56 A
T-C37	8DE2	A/B/C/D=24-286	X-ray	2.45 A
T-C38	1AXB	A=24-286	X-ray	2.00 A
T-C38	1BT5	A=24-286	X-ray	1.80 A
T-C38	1BTL	A=24-286	X-ray	1.80 A
T-C38	1CK3	A=24-284	X-ray	2.28 A
T-C38	1ERM	A=24-286	X-ray	1.70 A
T-C38	1ERO	A=24-286	X-ray	2.10 A
T-C38	1ERQ	A=24-286	X-ray	1.90 A
T-C38	1ESU	A=24-284	X-ray	2.00 A
T-C38	1FQG	A=24-286	X-ray	1.70 A
T-C38	1JTD	A=24-286	X-ray	2.30 A
T-C38	1JTG	A/C=24-286	X-ray	1.73 A
T-C38	1JVJ	A=24-286	X-ray	1.73 A
T-C38	1JWP	A=24-286	X-ray	1.75 A
T-C38	1JWV	A=24-286	X-ray	1.85 A
T-C38	1JWZ	A=24-286	X-ray	1.80 A
T-C38	1LHY	A=24-284	X-ray	2.00 A
T-C38	1LI0	A=24-284	X-ray	1.61 A
T-C38	1LI9	A=24-284	X-ray	1.52 A
T-C38	1M40	A=24-286	X-ray	0.85 A
T-C38	1NXY	A=24-286	X-ray	1.60 A
T-C38	1NY0	A=24-286	X-ray	1.75 A
T-C38	1NYM	A=24-286	X-ray	1.20 A
T-C38	1NYY	A=24-286	X-ray	1.90 A
T-C38	1PZO	A=24-284	X-ray	1.90 A
T-C38	1PZP	A=24-284	X-ray	1.45 A
T-C38	1S0W	A/B=24-286	X-ray	2.30 A
T-C38	1TEM	A=24-286	X-ray	1.95 A
T-C38	1XPB	A=24-286	X-ray	1.90 A
T-C38	1XXM	A/B=24-286	X-ray	1.90 A
T-C38	1YT4	A=24-284	X-ray	1.40 A
T-C38	1ZG4	A=1-284	X-ray	1.55 A
T-C38	1ZG6	A=1-284	X-ray	2.10 A
T-C38	2B5R	A/B=24-286	X-ray	1.65 A
T-C38	2V1Z	A=25-38, A=41-286	X-ray	1.60 A
T-C38	2V20	A=25-38, A=41-286	X-ray	1.67 A
T-C38	3C7U	A/C=24-286	X-ray	2.20 A
T-C38	3C7V	A/C=24-286	X-ray	2.07 A
T-C38	3CMZ	A=24-286	X-ray	1.92 A
T-C38	3DTM	A=24-286	X-ray	2.00 A
T-C38	3JYI	A/B/C/D/E/F=24-286	X-ray	2.70 A
T-C38	3TOI	A/B=39-283	X-ray	1.90 A
T-C38	4DXB	A/B=24-226	X-ray	2.29 A
T-C38	4DXC	A=24-226	X-ray	2.30 A
T-C38	4GKU	A=24-286	X-ray	1.92 A
T-C38	4IBR	A=24-286	X-ray	2.20 A
T-C38	4IBX	A/B/C/D/E=24-286	X-ray	2.68 A
T-C38	4ID4	A=24-147, A=189-286	X-ray	1.05 A
T-C38	4MEZ	A/B=24-286	X-ray	2.05 A
T-C38	4QY5	A=24-147, A=189-286	X-ray	1.50 A
T-C38	4QY6	A=24-147, A=189-286	X-ray	1.15 A
T-C38	4R4R	A=24-147, A=189-286	X-ray	1.20 A
T-C38	4R4S	A=24-149, A=189-286	X-ray	1.10 A
T-C38	4RVA	A=24-286	X-ray	1.44 A
T-C38	4RX2	A/B/C/D/E/F/G/H=24-286	X-ray	2.31 A
T-C38	4RX3	A=24-286	X-ray	1.39 A
T-C38	4ZJ1	A=1-286	X-ray	1.54 A
T-C38	4ZJ2	A=1-286	X-ray	1.80 A
T-C38	4ZJ3	A=1-286	X-ray	1.70 A
T-C38	5HVI	A/B/C/D=24-286	X-ray	1.64 A
T-C38	5HW1	A/B/C/D=24-286	X-ray	1.70 A
T-C38	5HW5	A/B/C/D=24-286	X-ray	1.41 A
T-C38	5I52	A/B/C/D=24-286	X-ray	1.75 A
T-C38	5I63	A/B/C/D=24-286	X-ray	1.95 A
T-C38	5IQ8	A/B/C/D=24-286	X-ray	2.06 A
T-C38	5KKF	A/B/C/D=24-286	X-ray	1.82 A
T-C38	5KPU	A/B/C/D=24-286	X-ray	1.50 A
T-C38	5NPO	A=24-286	X-ray	1.95 A
T-C38	6APA	A/B/C/D=24-286	X-ray	1.86 A
T-C38	6AYK	A/B/C/D=24-286	X-ray	1.44 A
T-C38	6B2N	A/B/C/D=24-286	X-ray	2.00 A
T-C38	7QLP	A/B/C/D/E/F=24-286	X-ray	2.30 A
T-C38	7QNK	A/B/C/D/E/F=24-286	X-ray	2.50 A
T-C38	7QOR	AAA/BBB/CCC/DDD/EEE/FFF=24-286	X-ray	2.00 A
T-C38	8DDZ	A/B/C/D=24-286	X-ray	1.45 A
T-C38	8DE0	A/B/C/D=24-286	X-ray	1.72 A
T-C38	8DE1	A/B/C/D=24-286	X-ray	1.56 A
T-C38	8DE2	A/B/C/D=24-286	X-ray	2.45 A
T-C39	1AXB	A=24-286	X-ray	2.00 A
T-C39	1BT5	A=24-286	X-ray	1.80 A
T-C39	1BTL	A=24-286	X-ray	1.80 A
T-C39	1CK3	A=24-284	X-ray	2.28 A
T-C39	1ERM	A=24-286	X-ray	1.70 A
T-C39	1ERO	A=24-286	X-ray	2.10 A
T-C39	1ERQ	A=24-286	X-ray	1.90 A
T-C39	1ESU	A=24-284	X-ray	2.00 A
T-C39	1FQG	A=24-286	X-ray	1.70 A
T-C39	1JTD	A=24-286	X-ray	2.30 A
T-C39	1JTG	A/C=24-286	X-ray	1.73 A
T-C39	1JVJ	A=24-286	X-ray	1.73 A
T-C39	1JWP	A=24-286	X-ray	1.75 A
T-C39	1JWV	A=24-286	X-ray	1.85 A
T-C39	1JWZ	A=24-286	X-ray	1.80 A
T-C39	1LHY	A=24-284	X-ray	2.00 A
T-C39	1LI0	A=24-284	X-ray	1.61 A
T-C39	1LI9	A=24-284	X-ray	1.52 A
T-C39	1M40	A=24-286	X-ray	0.85 A
T-C39	1NXY	A=24-286	X-ray	1.60 A
T-C39	1NY0	A=24-286	X-ray	1.75 A
T-C39	1NYM	A=24-286	X-ray	1.20 A
T-C39	1NYY	A=24-286	X-ray	1.90 A
T-C39	1PZO	A=24-284	X-ray	1.90 A
T-C39	1PZP	A=24-284	X-ray	1.45 A
T-C39	1S0W	A/B=24-286	X-ray	2.30 A
T-C39	1TEM	A=24-286	X-ray	1.95 A
T-C39	1XPB	A=24-286	X-ray	1.90 A
T-C39	1XXM	A/B=24-286	X-ray	1.90 A
T-C39	1YT4	A=24-284	X-ray	1.40 A
T-C39	1ZG4	A=1-284	X-ray	1.55 A
T-C39	1ZG6	A=1-284	X-ray	2.10 A
T-C39	2B5R	A/B=24-286	X-ray	1.65 A
T-C39	2V1Z	A=25-38, A=41-286	X-ray	1.60 A
T-C39	2V20	A=25-38, A=41-286	X-ray	1.67 A
T-C39	3C7U	A/C=24-286	X-ray	2.20 A
T-C39	3C7V	A/C=24-286	X-ray	2.07 A
T-C39	3CMZ	A=24-286	X-ray	1.92 A
T-C39	3DTM	A=24-286	X-ray	2.00 A
T-C39	3JYI	A/B/C/D/E/F=24-286	X-ray	2.70 A
T-C39	3TOI	A/B=39-283	X-ray	1.90 A
T-C39	4DXB	A/B=24-226	X-ray	2.29 A
T-C39	4DXC	A=24-226	X-ray	2.30 A
T-C39	4GKU	A=24-286	X-ray	1.92 A
T-C39	4IBR	A=24-286	X-ray	2.20 A
T-C39	4IBX	A/B/C/D/E=24-286	X-ray	2.68 A
T-C39	4ID4	A=24-147, A=189-286	X-ray	1.05 A
T-C39	4MEZ	A/B=24-286	X-ray	2.05 A
T-C39	4QY5	A=24-147, A=189-286	X-ray	1.50 A
T-C39	4QY6	A=24-147, A=189-286	X-ray	1.15 A
T-C39	4R4R	A=24-147, A=189-286	X-ray	1.20 A
T-C39	4R4S	A=24-149, A=189-286	X-ray	1.10 A
T-C39	4RVA	A=24-286	X-ray	1.44 A
T-C39	4RX2	A/B/C/D/E/F/G/H=24-286	X-ray	2.31 A
T-C39	4RX3	A=24-286	X-ray	1.39 A
T-C39	4ZJ1	A=1-286	X-ray	1.54 A
T-C39	4ZJ2	A=1-286	X-ray	1.80 A
T-C39	4ZJ3	A=1-286	X-ray	1.70 A
T-C39	5HVI	A/B/C/D=24-286	X-ray	1.64 A
T-C39	5HW1	A/B/C/D=24-286	X-ray	1.70 A
T-C39	5HW5	A/B/C/D=24-286	X-ray	1.41 A
T-C39	5I52	A/B/C/D=24-286	X-ray	1.75 A
T-C39	5I63	A/B/C/D=24-286	X-ray	1.95 A
T-C39	5IQ8	A/B/C/D=24-286	X-ray	2.06 A
T-C39	5KKF	A/B/C/D=24-286	X-ray	1.82 A
T-C39	5KPU	A/B/C/D=24-286	X-ray	1.50 A
T-C39	5NPO	A=24-286	X-ray	1.95 A
T-C39	6APA	A/B/C/D=24-286	X-ray	1.86 A
T-C39	6AYK	A/B/C/D=24-286	X-ray	1.44 A
T-C39	6B2N	A/B/C/D=24-286	X-ray	2.00 A
T-C39	7QLP	A/B/C/D/E/F=24-286	X-ray	2.30 A
T-C39	7QNK	A/B/C/D/E/F=24-286	X-ray	2.50 A
T-C39	7QOR	AAA/BBB/CCC/DDD/EEE/FFF=24-286	X-ray	2.00 A
T-C39	8DDZ	A/B/C/D=24-286	X-ray	1.45 A
T-C39	8DE0	A/B/C/D=24-286	X-ray	1.72 A
T-C39	8DE1	A/B/C/D=24-286	X-ray	1.56 A
T-C39	8DE2	A/B/C/D=24-286	X-ray	2.45 A
T-C40	1AXB	A=24-286	X-ray	2.00 A
T-C40	1BT5	A=24-286	X-ray	1.80 A
T-C40	1BTL	A=24-286	X-ray	1.80 A
T-C40	1CK3	A=24-284	X-ray	2.28 A
T-C40	1ERM	A=24-286	X-ray	1.70 A
T-C40	1ERO	A=24-286	X-ray	2.10 A
T-C40	1ERQ	A=24-286	X-ray	1.90 A
T-C40	1ESU	A=24-284	X-ray	2.00 A
T-C40	1FQG	A=24-286	X-ray	1.70 A
T-C40	1JTD	A=24-286	X-ray	2.30 A
T-C40	1JTG	A/C=24-286	X-ray	1.73 A
T-C40	1JVJ	A=24-286	X-ray	1.73 A
T-C40	1JWP	A=24-286	X-ray	1.75 A
T-C40	1JWV	A=24-286	X-ray	1.85 A
T-C40	1JWZ	A=24-286	X-ray	1.80 A
T-C40	1LHY	A=24-284	X-ray	2.00 A
T-C40	1LI0	A=24-284	X-ray	1.61 A
T-C40	1LI9	A=24-284	X-ray	1.52 A
T-C40	1M40	A=24-286	X-ray	0.85 A
T-C40	1NXY	A=24-286	X-ray	1.60 A
T-C40	1NY0	A=24-286	X-ray	1.75 A
T-C40	1NYM	A=24-286	X-ray	1.20 A
T-C40	1NYY	A=24-286	X-ray	1.90 A
T-C40	1PZO	A=24-284	X-ray	1.90 A
T-C40	1PZP	A=24-284	X-ray	1.45 A
T-C40	1S0W	A/B=24-286	X-ray	2.30 A
T-C40	1TEM	A=24-286	X-ray	1.95 A
T-C40	1XPB	A=24-286	X-ray	1.90 A
T-C40	1XXM	A/B=24-286	X-ray	1.90 A
T-C40	1YT4	A=24-284	X-ray	1.40 A
T-C40	1ZG4	A=1-284	X-ray	1.55 A
T-C40	1ZG6	A=1-284	X-ray	2.10 A
T-C40	2B5R	A/B=24-286	X-ray	1.65 A
T-C40	2V1Z	A=25-38, A=41-286	X-ray	1.60 A
T-C40	2V20	A=25-38, A=41-286	X-ray	1.67 A
T-C40	3C7U	A/C=24-286	X-ray	2.20 A
T-C40	3C7V	A/C=24-286	X-ray	2.07 A
T-C40	3CMZ	A=24-286	X-ray	1.92 A
T-C40	3DTM	A=24-286	X-ray	2.00 A
T-C40	3JYI	A/B/C/D/E/F=24-286	X-ray	2.70 A
T-C40	3TOI	A/B=39-283	X-ray	1.90 A
T-C40	4DXB	A/B=24-226	X-ray	2.29 A
T-C40	4DXC	A=24-226	X-ray	2.30 A
T-C40	4GKU	A=24-286	X-ray	1.92 A
T-C40	4IBR	A=24-286	X-ray	2.20 A
T-C40	4IBX	A/B/C/D/E=24-286	X-ray	2.68 A
T-C40	4ID4	A=24-147, A=189-286	X-ray	1.05 A
T-C40	4MEZ	A/B=24-286	X-ray	2.05 A
T-C40	4QY5	A=24-147, A=189-286	X-ray	1.50 A
T-C40	4QY6	A=24-147, A=189-286	X-ray	1.15 A
T-C40	4R4R	A=24-147, A=189-286	X-ray	1.20 A
T-C40	4R4S	A=24-149, A=189-286	X-ray	1.10 A
T-C40	4RVA	A=24-286	X-ray	1.44 A
T-C40	4RX2	A/B/C/D/E/F/G/H=24-286	X-ray	2.31 A
T-C40	4RX3	A=24-286	X-ray	1.39 A
T-C40	4ZJ1	A=1-286	X-ray	1.54 A
T-C40	4ZJ2	A=1-286	X-ray	1.80 A
T-C40	4ZJ3	A=1-286	X-ray	1.70 A
T-C40	5HVI	A/B/C/D=24-286	X-ray	1.64 A
T-C40	5HW1	A/B/C/D=24-286	X-ray	1.70 A
T-C40	5HW5	A/B/C/D=24-286	X-ray	1.41 A
T-C40	5I52	A/B/C/D=24-286	X-ray	1.75 A
T-C40	5I63	A/B/C/D=24-286	X-ray	1.95 A
T-C40	5IQ8	A/B/C/D=24-286	X-ray	2.06 A
T-C40	5KKF	A/B/C/D=24-286	X-ray	1.82 A
T-C40	5KPU	A/B/C/D=24-286	X-ray	1.50 A
T-C40	5NPO	A=24-286	X-ray	1.95 A
T-C40	6APA	A/B/C/D=24-286	X-ray	1.86 A
T-C40	6AYK	A/B/C/D=24-286	X-ray	1.44 A
T-C40	6B2N	A/B/C/D=24-286	X-ray	2.00 A
T-C40	7QLP	A/B/C/D/E/F=24-286	X-ray	2.30 A
T-C40	7QNK	A/B/C/D/E/F=24-286	X-ray	2.50 A
T-C40	7QOR	AAA/BBB/CCC/DDD/EEE/FFF=24-286	X-ray	2.00 A
T-C40	8DDZ	A/B/C/D=24-286	X-ray	1.45 A
T-C40	8DE0	A/B/C/D=24-286	X-ray	1.72 A
T-C40	8DE1	A/B/C/D=24-286	X-ray	1.56 A
T-C40	8DE2	A/B/C/D=24-286	X-ray	2.45 A
T-C41	1HTZ	A/B/C/D/E/F=24-286	X-ray	2.40 A
T-C42	4OP5	A=24-286	X-ray	1.05 A
T-C42	4OPY	A=24-286	X-ray	1.75 A
T-C42	4OQH	A=24-286	X-ray	1.70 A
T-C43	3P98	A/B=1-286	X-ray	2.10 A
T-C44	4OP8	A=24-286	X-ray	1.95 A
T-C44	4OPQ	A=24-286	X-ray	1.70 A
T-C44	4OPR	A=24-286	X-ray	1.45 A
T-C44	4OPZ	A=24-286	X-ray	1.45 A
T-C44	4OQ0	A=24-286	X-ray	1.42 A
T-C44	4OQI	A=24-286	X-ray	1.13 A
T-C45	5NPO	B=23-286	X-ray	1.95 A
T-C46	2Z2N	A=1-299	X-ray	1.65 A
T-C46	2Z2O	A/B/C/D=1-299	X-ray	1.90 A
T-C46	2Z2P	A/B=1-299	X-ray	2.80 A
T-C47	2QC5	A=1-295	X-ray	1.80 A
T-C48	1K38	A/B=22-275	X-ray	1.50 A
T-C49	3QNB	A/B/C/D=21-207, A/B/C/D=221-266	X-ray	1.95 A
T-C49	3QNC	A/B=20-207, A/B=221-266	X-ray	1.60 A
T-C49	6SKP	A/B=1-266	X-ray	1.89 A
T-C49	6SKR	A/B=1-266	X-ray	1.85 A
T-C49	6ZRG	A/B=20-266	X-ray	1.74 A
T-C49	6ZRH	A/B/C/D=21-266	X-ray	1.88 A
T-C49	6ZRI	A/B/C/D=21-266	X-ray	1.60 A
T-C49	6ZW2	A/B=20-266	X-ray	1.75 A
T-C50	7N1M	A/B=19-266	X-ray	1.96 A
T-C50	9IXO	A/B=21-265	X-ray	1.86 A
T-C51	1H5X	A/B=20-266	X-ray	1.90 A
T-C51	1H8Y	A/B=20-266	X-ray	2.00 A
T-C51	1H8Z	A/B=20-266	X-ray	1.80 A
T-C52	4JF4	A/B=31-273	X-ray	2.14 A
T-C52	4JF5	A=31-273	X-ray	1.15 A
T-C52	4JF6	A=31-273	X-ray	2.50 A
T-C52	4K0X	A=31-273	X-ray	1.61 A
T-C52	6N6T	A=31-273	X-ray	1.25 A
T-C52	6N6U	A=32-273	X-ray	1.55 A
T-C52	6N6V	A=32-273	X-ray	1.55 A
T-C52	6N6W	A=36-273	X-ray	3.25 A
T-C52	6N6X	A=35-273	X-ray	3.10 A
T-C52	6N6Y	A=35-273	X-ray	3.50 A
T-C52	7T7D	A=31-273	X-ray	2.65 A
T-C52	7T7E	A=31-273	X-ray	2.40 A
T-C52	7T7F	A=31-273	X-ray	2.30 A
T-C52	7T7G	A=31-273	X-ray	2.50 A
T-C52	9NSW	A=1-273	X-ray	1.40 A
T-C52	9NSX	A=1-273	X-ray	1.57 A
T-C52	9NSY	A=1-273	X-ray	1.70 A
T-C52	9NSZ	A=1-273	X-ray	1.80 A
T-C52	9NT0	A=1-273	X-ray	1.60 A
T-C53	2JC7	A=32-275	X-ray	2.50 A
T-C53	3FV7	A=32-275	X-ray	2.00 A
T-C53	3FYZ	A=32-275	X-ray	2.10 A
T-C53	3FZC	A=32-275	X-ray	2.00 A
T-C53	3G4P	A=32-275	X-ray	1.97 A
T-C53	3MBZ	A=32-275	X-ray	2.60 A
T-C53	3PAE	A/B=31-275	X-ray	2.10 A
T-C53	3PAG	A/B=31-275	X-ray	2.25 A
T-C53	3ZNT	A=31-275	X-ray	1.95 A
T-C53	4F94	A=31-275	X-ray	2.40 A
T-C53	4WM9	A=31-275	X-ray	2.40 A
T-C53	5TG4	A=31-275	X-ray	1.44 A
T-C53	5TG5	A=31-275	X-ray	1.75 A
T-C53	5TG6	A=31-275	X-ray	1.78 A
T-C53	5TG7	A=31-275	X-ray	2.28 A
T-C53	5VFD	A=32-275	X-ray	1.93 A
T-C53	6B22	A=32-275	X-ray	1.93 A
T-C53	6MPQ	A=31-275	X-ray	1.95 A
T-C53	7RP8	A=31-275	X-ray	2.28 A
T-C53	7RP9	A=31-275	X-ray	1.94 A
T-C53	7RPA	A=31-275	X-ray	2.27 A
T-C53	7RPB	A=31-275	X-ray	1.97 A
T-C53	7RPC	A=31-275	X-ray	2.58 A
T-C53	7RPD	A=32-275	X-ray	1.95 A
T-C53	7RPE	A=31-275	X-ray	1.53 A
T-C53	7RPF	A=31-275	X-ray	1.90 A
T-C53	7RPG	A=31-275	X-ray	1.62 A
T-C53	8CUL	A=32-275	X-ray	2.01 A
T-C53	8CUM	A=32-275	X-ray	1.49 A
T-C53	8CUO	A=32-275	X-ray	1.47 A
T-C54	4X55	A/B=21-273	X-ray	1.94 A
T-C55	5WI3	A/B=22-273	X-ray	1.81 A
T-C55	5WI7	A/B=22-273	X-ray	1.86 A
T-C55	5WIB	A/B=22-273	X-ray	1.87 A
T-C56	5FDH	A/B=23-261	X-ray	2.26 A
T-C57	4Z9Q	A=1-280	X-ray	2.23 A
T-C58	4ZDX	A=1-274	X-ray	2.00 A
T-C58	5KZH	A/B/C/D=26-274	X-ray	1.61 A
T-C58	5L2F	A/B/C/D=26-274	X-ray	1.77 A
T-C59	6T1H	A=1-274	X-ray	2.10 A
T-C60	8SQ7	A/B/C/D/E/F/G/H=26-274	X-ray	1.78 A
T-C61	8SQ8	A/B/C/D=26-274	X-ray	2.27 A
T-C62	5IY2	A/B=35-275	X-ray	1.15 A
T-C63	4X53	A=31-275	X-ray	2.30 A
T-C63	4X56	A=31-275	X-ray	2.28 A
T-C64	6NZ8	A=25-273	X-ray	1.20 A
T-C65	5HFO	A/B=23-265	X-ray	2.21 A
T-C66	4K0W	A=31-219, A=221-274	X-ray	1.20 A
T-C67	3HBR	A/B/C/D=1-265	X-ray	1.90 A
T-C67	4S2J	A/B/C/D=1-265	X-ray	2.54 A
T-C67	4S2K	A/B/C/D=1-265	X-ray	2.10 A
T-C67	4S2N	A/B/C/D=1-265	X-ray	2.00 A
T-C67	4S2P	A/B=1-265	X-ray	1.70 A
T-C67	4WMC	A/B/C/D/E/F/G/H=24-265	X-ray	2.30 A
T-C67	5DTK	A/B/C/D=1-265	X-ray	1.60 A
T-C67	5DTS	A/B/C/D=22-265	X-ray	1.94 A
T-C67	5DTT	A/B/C/D=22-265	X-ray	2.10 A
T-C67	5DVA	A/B/C/D=22-265	X-ray	2.50 A
T-C67	5FAQ	A/B=25-265	X-ray	1.96 A
T-C67	5FAS	A/B=24-265	X-ray	1.74 A
T-C67	5FAT	A/B=23-265	X-ray	2.09 A
T-C67	5HAP	A/B=25-265	X-ray	1.89 A
T-C67	5HAQ	A/B=25-265	X-ray	2.14 A
T-C67	5OFT	A/B=23-265	X-ray	3.20 A
T-C67	5QA4	A/B/C/D=23-265	X-ray	1.95 A
T-C67	5QA5	A/B/C/D=23-265	X-ray	1.95 A
T-C67	5QA6	A/B/C/D=23-265	X-ray	1.95 A
T-C67	5QA7	A/B/C/D=23-265	X-ray	1.82 A
T-C67	5QA8	A/B/C/D=23-265	X-ray	2.50 A
T-C67	5QA9	A/B/C/D=23-265	X-ray	1.90 A
T-C67	5QAA	A/B/C/D=23-265	X-ray	1.95 A
T-C67	5QAB	A/B/C/D=23-265	X-ray	2.15 A
T-C67	5QAC	A/B/C/D=23-265	X-ray	2.00 A
T-C67	5QAD	A/B/C/D=23-265	X-ray	1.75 A
T-C67	5QAE	A/B/C/D=23-265	X-ray	2.10 A
T-C67	5QAF	A/B/C/D=23-265	X-ray	2.15 A
T-C67	5QAG	A/B/C/D=23-265	X-ray	2.30 A
T-C67	5QAH	A/B/C/D=23-265	X-ray	1.95 A
T-C67	5QAI	A/B/C/D=23-265	X-ray	1.90 A
T-C67	5QAJ	A/B/C/D=23-265	X-ray	2.00 A
T-C67	5QAK	A/B/C/D=23-265	X-ray	1.90 A
T-C67	5QAL	A/B/C/D=23-265	X-ray	1.95 A
T-C67	5QAM	A/B/C/D=23-265	X-ray	1.87 A
T-C67	5QAN	A/B/C/D=23-265	X-ray	2.30 A
T-C67	5QAO	A/B/C/D=23-265	X-ray	2.00 A
T-C67	5QAP	A/B/C/D=23-265	X-ray	1.79 A
T-C67	5QAQ	A/B/C/D=23-265	X-ray	2.40 A
T-C67	5QAR	A/B/C/D=23-265	X-ray	2.10 A
T-C67	5QAS	A/B/C/D=23-265	X-ray	1.90 A
T-C67	5QAT	A/B/C/D=23-265	X-ray	1.90 A
T-C67	5QAU	A/B/C/D=23-265	X-ray	1.75 A
T-C67	5QAV	A/B/C/D=23-265	X-ray	1.72 A
T-C67	5QAW	A/B/C/D=23-265	X-ray	2.20 A
T-C67	5QAX	A/B/C/D=23-265	X-ray	2.31 A
T-C67	5QAY	A/B/C/D=23-265	X-ray	1.70 A
T-C67	5QAZ	A/B/C/D=23-265	X-ray	2.20 A
T-C67	5QB0	A/B/C/D=23-265	X-ray	1.95 A
T-C67	5QB1	A/B/C/D=23-265	X-ray	1.80 A
T-C67	5QB2	A/B/C/D=23-265	X-ray	1.75 A
T-C67	5QB3	A/B/C/D=23-265	X-ray	2.00 A
T-C67	5QB4	A/B/C/D=23-265	X-ray	1.95 A
T-C67	6GOA	A/B/C/D/E/F/G/H=23-265	X-ray	2.55 A
T-C67	6HOO	A/B=21-265	X-ray	2.38 A
T-C67	6I5D	A/B=21-265	X-ray	1.75 A
T-C67	6P96	A/B=1-265	X-ray	1.60 A
T-C67	6P97	A/B=1-265	X-ray	1.80 A
T-C67	6P98	A/B=1-265	X-ray	1.75 A
T-C67	6P99	A/B=1-265	X-ray	2.25 A
T-C67	6P9C	A/B=1-265	X-ray	1.90 A
T-C67	6PK0	A/B/C/D=25-265	X-ray	1.75 A
T-C67	6PQI	A/B/C/D=25-265	X-ray	2.05 A
T-C67	6PSG	A/B/C/D=25-265	X-ray	2.13 A
T-C67	6PT1	A/B/C/D=25-265	X-ray	2.00 A
T-C67	6PT5	A/B/C/D=25-265	X-ray	2.30 A
T-C67	6PTU	A/B/C/D=25-265	X-ray	2.00 A
T-C67	6PXX	A/B=1-265	X-ray	1.50 A
T-C67	6Q5B	A/B/C/D=1-265	X-ray	2.22 A
T-C67	6Q5F	A/B/C/D=1-265	X-ray	2.50 A
T-C67	6RJ7	A/B=23-265	X-ray	1.73 A
T-C67	6UVK	A/B/C/D=25-265	X-ray	2.20 A
T-C67	6V1O	A/B/C/D=25-265	X-ray	1.80 A
T-C67	6XQR	A/B=25-265	X-ray	2.20 A
T-C67	6ZRJ	A/B/C/D/E/F/G/H=1-265	X-ray	1.94 A
T-C67	6ZRP	A/B/C/D=1-265	X-ray	1.74 A
T-C67	6ZXI	A/B=1-265	X-ray	1.85 A
T-C67	7ASS	A/B/C/D=1-265	X-ray	1.91 A
T-C67	7AUX	A/B=24-265	X-ray	2.05 A
T-C67	7AW5	A/B=24-265	X-ray	1.65 A
T-C67	7DML	A/B/C/D=1-265	X-ray	1.94 A
T-C67	7JHQ	A/B/C/D=25-265	X-ray	2.00 A
T-C67	7K5V	A/B=25-265	X-ray	2.80 A
T-C67	7KH9	A/B=25-265	X-ray	2.29 A
T-C67	7KHQ	A/B=25-265	X-ray	2.00 A
T-C67	7L8O	A/B/C/D=25-265	X-ray	2.70 A
T-C67	7LXG	A/B=1-265	X-ray	2.20 A
T-C67	7O5N	AAA/BBB/CCC/DDD=23-265	X-ray	1.60 A
T-C67	7O5Q	AAA/BBB/CCC/DDD=23-265	X-ray	1.85 A
T-C67	7O9N	AAA/BBB/CCC/DDD=23-265	X-ray	1.97 A
T-C67	7PEH	AAA/BBB/CCC/DDD=23-265	X-ray	1.92 A
T-C67	7PEP	AAA/BBB/CCC/DDD=23-265	X-ray	1.70 A
T-C67	7PGO	AAA/BBB/CCC/DDD=23-265	X-ray	1.85 A
T-C67	7PSF	AAA/BBB/CCC/DDD=23-265	X-ray	2.10 A
T-C67	7R6Z	A/B=25-265	X-ray	2.10 A
T-C67	8FAJ	A/B=1-265	X-ray	1.75 A
T-C67	8PEA	A/B=1-265	X-ray	1.97 A
T-C67	8PEB	A=24-265	X-ray	1.17 A
T-C67	8PEC	A/B/C/D=24-265	X-ray	2.66 A
T-C67	8QNZ	AAA/BBB/CCC/DDD=23-265	X-ray	1.53 A
T-C67	8SQF	A/B=1-265	X-ray	2.30 A
T-C67	8SQG	A/B=1-265	X-ray	2.03 A
T-C67	9H11	A/B=23-265	X-ray	1.38 A
T-C67	9H12	A/B=23-265	X-ray	1.51 A
T-C68	4S2L	A/B=25-261	X-ray	1.72 A
T-C68	4S2M	A/B/C/D=25-261	X-ray	2.87 A
T-C68	5HAR	A=25-261	X-ray	1.74 A
T-C68	5ODZ	B/D=23-261	X-ray	2.07 A
T-C68	7KHY	A=25-261	X-ray	1.84 A
T-C68	7KHZ	A=25-261	X-ray	2.04 A
T-C69	5OE0	A/B=1-265	X-ray	2.05 A
T-C70	5OE2	A/B/C/D=1-265	X-ray	2.20 A
T-C71	4YIN	A/B=20-265	X-ray	2.30 A
T-C72	6NLW	A/B/C/D=23-265	X-ray	1.85 A
T-C73	6K8X	A=24-386	X-ray	1.59 A
T-C73	6K9T	A=24-386	X-ray	1.46 A
T-C73	6KA5	A=24-386	X-ray	1.59 A
T-C73	6KBY	A=24-386	X-ray	1.10 A
T-C73	6M5H	A=24-386	X-ray	1.20 A
T-C73	6M5P	A=24-386	X-ray	1.25 A
T-C73	6M5Q	A=24-386	X-ray	1.30 A
T-C74	2ZC7	A/B/C/D=23-381	X-ray	2.40 A
T-C75	7U48	A/B/C=1-291	X-ray	1.67 A
T-C75	7U49	A/B/C=1-291	X-ray	1.72 A
T-C75	7U4B	A/B/C=1-290	X-ray	1.92 A
T-C75	7U57	A/B/C=1-291	X-ray	2.37 A
T-C76	1YLJ	A=29-291	X-ray	0.98 A
T-C76	1YM1	A/B=29-291	X-ray	1.12 A
T-C76	1YMS	A/B=29-291	X-ray	1.60 A
T-C76	1YMX	A/B=29-291	X-ray	1.70 A
T-C76	2P74	A/B=29-291	X-ray	0.88 A
T-C76	3G2Y	A/B=29-291	X-ray	1.31 A
T-C76	3G2Z	A/B=29-291	X-ray	1.50 A
T-C76	3G30	A=29-291	X-ray	1.80 A
T-C76	3G31	A/B=29-291	X-ray	1.70 A
T-C76	3G32	A/B=29-291	X-ray	1.31 A
T-C76	3G34	A/B=29-291	X-ray	1.31 A
T-C76	3G35	A/B=29-291	X-ray	1.41 A
T-C76	3HLW	A/B=29-291	X-ray	1.50 A
T-C76	3HRE	A/B=29-291	X-ray	1.45 A
T-C76	3HUO	A/B=29-291	X-ray	1.50 A
T-C76	3HVF	A/B=29-291	X-ray	1.50 A
T-C76	3Q07	A/B=29-291	X-ray	1.50 A
T-C76	3Q1F	A/B=29-291	X-ray	1.50 A
T-C76	4DDS	A/B=29-291	X-ray	1.36 A
T-C76	4DDY	A/B=29-291	X-ray	1.36 A
T-C76	4DE0	A/B=29-291	X-ray	1.12 A
T-C76	4DE1	A/B=29-291	X-ray	1.26 A
T-C76	4DE2	A/B=29-291	X-ray	1.40 A
T-C76	4DE3	A/B=29-291	X-ray	1.44 A
T-C76	4LEN	A/B=29-291	X-ray	1.50 A
T-C76	5KMT	A/B=4-291	X-ray	1.70 A
T-C76	5KMU	A=4-291	X-ray	1.80 A
T-C76	5UJO	A/B=29-291	X-ray	1.35 A
T-C76	6CYK	A/B=29-291	X-ray	1.70 A
T-C76	6CYN	A/B/C/D/E/F/G/H=29-291	X-ray	1.60 A
T-C76	6CYQ	A/B/C/D/E/F/G/H=29-291	X-ray	1.70 A
T-C76	6CYU	A=29-291	X-ray	1.82 A
T-C77	1YLT	A=29-291	X-ray	1.10 A
T-C77	1YLY	A/B=29-291	X-ray	1.25 A
T-C77	1YLZ	A/B=29-291	X-ray	1.35 A
T-C77	4XXR	A/B=29-291	X-ray	1.18 A
T-C77	5TOY	A/B=29-291	X-ray	1.30 A
T-C77	5TW6	A=29-291	X-ray	1.70 A
T-C77	5TWD	A=29-291	X-ray	1.70 A
T-C77	5TWE	A=29-291	X-ray	1.50 A
T-C77	5VTH	A=29-291	X-ray	2.20 A
T-C77	6BT6	A/B=30-291	X-ray	1.05 A
T-C77	6MD8	A/B=29-291	X-ray	1.40 A
T-C77	6MIA	A/B=30-291	X-ray	1.40 A
T-C77	6MZ1	A/B=29-291	X-ray	1.00 A
T-C77	6MZ2	A/B=29-291	X-ray	0.83 A
T-C77	6OOF	A/B=29-291	X-ray	1.24 A
T-C77	6OOJ	A/B=29-291	X-ray	1.40 A
T-C77	6OOK	A/B=29-291	X-ray	1.40 A
T-C77	6UNB	A/B=29-291	X-ray	1.30 A
T-C77	6V5E	A=29-291	X-ray	2.30 A
T-C77	6V6G	A=29-291	X-ray	1.50 A
T-C77	6V6P	A=29-291	X-ray	1.55 A
T-C77	6V7H	A/B=29-291	X-ray	1.00 A
T-C77	6V7T	A/B=28-291	X-ray	1.34 A
T-C77	6V83	A=29-291	X-ray	1.80 A
T-C77	6V8V	A=29-290	X-ray	1.80 A
T-C77	6VHS	A/B=29-291	X-ray	1.28 A
T-C77	6VNU	A/B=29-291	X-ray	1.47 A
T-C77	7K2W	A=31-290	X-ray	1.40 A
T-C77	7K2X	A/B/C/D/E/F/G/H=31-290	X-ray	1.80 A
T-C77	7K2Y	A=30-290	X-ray	1.62 A
T-C77	7S0V	A=29-291	X-ray	1.95 A
T-C77	8DOD	A=29-291	X-ray	1.61 A
T-C77	8DOE	A=30-291	X-ray	1.50 A
T-C77	8DON	A=30-291	X-ray	1.36 A
T-C77	8DP4	A=29-291	X-ray	1.40 A
T-C77	8DPQ	A=30-291	X-ray	1.67 A
T-C77	8ELA	A/B=29-291	X-ray	1.50 A
T-C77	8ELB	A/B=29-291	X-ray	1.50 A
T-C78	4HBT	A=29-291	X-ray	1.10 A
T-C78	4HBU	A=29-291	X-ray	1.10 A
T-C78	5FA7	A/B=26-291	X-ray	1.67 A
T-C78	5FAO	A/B=29-291	X-ray	3.01 A
T-C78	5FAP	A/B=29-291	X-ray	2.70 A
T-C79	1YLW	A=29-291	X-ray	1.74 A
T-C80	1YLP	A=29-291	X-ray	1.20 A
T-C81	1BZA	A=30-290	X-ray	1.80 A
T-C81	1IYO	A=30-291	X-ray	1.80 A
T-C81	1IYP	A=30-291	X-ray	2.00 A
T-C81	1IYQ	A=30-291	X-ray	2.10 A
T-C81	1IYS	A=31-291	X-ray	1.65 A
T-C81	1WE4	A=30-291	X-ray	1.70 A
T-C81	2WYX	A=33-288	Neutron	2.10 A
T-C81	2XQZ	A=32-291	Neutron	2.10 A
T-C81	2XR0	A=32-291	X-ray	2.20 A
T-C81	2ZQ7	A=30-291	X-ray	0.94 A
T-C81	2ZQ8	A=30-291	X-ray	1.03 A
T-C81	2ZQ9	A=30-291	X-ray	1.07 A
T-C81	2ZQA	A=30-291	X-ray	0.95 A
T-C81	2ZQC	A=30-291	X-ray	1.07 A
T-C81	2ZQD	A=30-291	X-ray	1.19 A
T-C81	4BD0	A=31-291	X-ray	1.21 A
T-C81	4BD1	A=31-291	Neutron	2.00 A
T-C81	4C3Q	A=31-291	Neutron	2.20 A
T-C81	4X69	A/B=30-291	X-ray	1.42 A
T-C81	5KMW	A=33-288	X-ray	1.10 A
T-C81	5KSC	A=31-291	Neutron	2.10 A
T-C81	6C78	A=32-291	Neutron	1.75 A
T-C81	6C79	A=32-291	X-ray	1.10 A
T-C81	6C7A	A=32-291	X-ray	1.05 A
T-C81	6U58	A=31-291	Other	1.90 A
T-C82	3ZNY	A=29-291	X-ray	1.20 A
T-C82	8EHH	A=29-291	X-ray	1.03 A
T-C83	6BN3	A=34-300	X-ray	1.28 A
T-C83	6BPF	A=35-299	X-ray	1.32 A
T-C84	1ZC2	A/B=21-381	X-ray	2.09 A
T-C85	1ZKJ	A=24-382	X-ray	1.55 A
T-C85	5F1F	A=24-382	X-ray	1.55 A
T-C85	5GSC	A/B=24-382	X-ray	1.95 A
T-C85	5K1D	A=24-382	X-ray	1.94 A
T-C85	5K1F	A=24-382	X-ray	1.94 A
T-C86	8JB7	A/B=23-381	X-ray	1.35 A
T-C86	8JB8	A/B=23-381	X-ray	2.40 A
T-C87	6G9T	A/B=20-380	X-ray	1.60 A
T-C87	8DI7	A/B/C/D=22-380	X-ray	1.89 A
T-C88	5CGS	A=24-382	X-ray	1.63 A
T-C88	5CGW	A=24-382	X-ray	1.40 A
T-C88	5CGX	A=24-382	X-ray	1.21 A
T-C88	5CHJ	A/B=24-382	X-ray	1.36 A
T-C88	5CHM	A=24-382	X-ray	1.90 A
T-C88	5CHU	A/B=24-382	X-ray	1.10 A
T-C88	5ZA2	A=29-382, B=28-382	X-ray	1.50 A
T-C89	3W8K	A=24-382	X-ray	1.50 A
T-C89	4WBG	A=24-382	X-ray	1.90 A
T-C89	5ZYB	A=24-382	X-ray	2.13 A
T-C90	1DDK	A=20-239	X-ray	3.10 A
T-C90	1JJE	A/B=19-240	X-ray	1.80 A
T-C90	1JJT	A/B=19-246	X-ray	1.80 A
T-C90	3WXC	A/B=19-240	X-ray	2.10 A
T-C90	4F6H	A=19-246	X-ray	1.74 A
T-C90	4F6Z	A=19-246	X-ray	2.00 A
T-C90	7YH9	A/B/C/D/E/F=21-239	X-ray	2.39 A
T-C90	7YHA	A/B/C/D=21-239	X-ray	2.13 A
T-C90	8HYB	A/B/C/D=21-239	X-ray	2.19 A
T-C90	8JAO	A/B=21-239	X-ray	2.19 A
T-C91	4UBQ	A=18-246	X-ray	2.30 A
T-C92	6R73	A/B=21-246	X-ray	2.30 A
T-C92	6R79	A/B/C/D=22-241	X-ray	1.90 A
T-C92	6RZR	A/B=21-246	X-ray	1.90 A
T-C92	6RZS	A/B=21-246	X-ray	2.20 A
T-C92	6S0H	A/B=21-246	X-ray	2.85 A
T-C92	6YI4	AAA/BBB/CCC=21-246	X-ray	1.70 A
T-C93	5B3R	A/B=19-246	X-ray	2.00 A
T-C94	3L6N	A=21-239	X-ray	1.65 A
T-C95	5N5G	A=21-266	X-ray	1.29 A
T-C95	5N5H	A=21-266	X-ray	1.30 A
T-C95	5N5I	A=21-266	X-ray	2.20 A
T-C95	7AFY	A=26-266	X-ray	1.10 A
T-C95	7AYJ	A=21-266	X-ray	1.21 A
T-C95	7UP2	A=27-266	X-ray	1.13 A
T-C95	8P8Y	A=1-264	X-ray	1.16 A
T-C95	8P8Z	A=1-266	X-ray	1.20 A
T-C95	8P92	A=1-266	X-ray	1.04 A
T-C95	8P93	A=1-266	X-ray	1.13 A
T-C95	8P95	A=1-266	X-ray	1.09 A
T-C95	8P9P	A=1-266	X-ray	1.14 A
T-C95	8P9Q	A=1-266	X-ray	1.08 A
T-C95	8P9S	A=1-266	X-ray	1.20 A
T-C95	8P9T	A=1-266	X-ray	1.20 A
T-C95	8PA3	A=1-266	X-ray	1.07 A
T-C95	8PA4	A=1-266	X-ray	1.11 A
T-C95	8PA5	A=1-266	X-ray	1.10 A
T-C95	8PA7	A=1-266	X-ray	1.10 A
T-C95	8PA8	A=1-266	X-ray	1.32 A
T-C95	8PAA	A=1-266	X-ray	1.10 A
T-C95	8PAC	A=1-266	X-ray	1.10 A
T-C95	8PAD	A=1-266	X-ray	1.10 A
T-C95	8PAH	A=1-266	X-ray	1.10 A
T-C95	8PAL	A=1-266	X-ray	1.25 A
T-C95	8PAM	A=1-266	X-ray	1.25 A
T-C95	8PAN	A=1-266	X-ray	1.25 A
T-C95	8PAO	A=1-266	X-ray	1.40 A
T-C95	8PB0	A=1-266	X-ray	1.26 A
T-C95	8PB2	A=1-266	X-ray	1.25 A
T-C95	8PG2	A=1-266	X-ray	1.25 A
T-C95	8PG3	A=1-266	X-ray	1.26 A
T-C95	8PG4	A=1-266	X-ray	1.38 A
T-C95	8PG5	A=1-266	X-ray	1.25 A
T-C95	8PG6	A=1-266	X-ray	1.20 A
T-C95	8PG7	A=1-266	X-ray	1.20 A
T-C95	8PG8	A=1-266	X-ray	1.28 A
T-C95	8PG9	A=1-266	X-ray	1.29 A
T-C95	8PGA	A=1-266	X-ray	1.19 A
T-C95	8PGB	A=1-266	X-ray	1.34 A
T-C95	8PGC	A=1-266	X-ray	1.30 A
T-C95	8PGE	A=1-266	X-ray	1.29 A
T-C95	8PGF	A=1-266	X-ray	1.20 A
T-C95	8PGG	A=1-266	X-ray	1.20 A
T-C95	8PGH	A=1-266	X-ray	1.20 A
T-C95	8PGI	A=1-266	X-ray	1.40 A
T-C95	8PGJ	A=1-266	X-ray	1.20 A
T-C95	8PGK	A=1-266	X-ray	1.24 A
T-C95	8PGL	A=1-266	X-ray	1.20 A
T-C95	8PGM	A=1-266	X-ray	1.27 A
T-C95	8PGN	A=1-266	X-ray	1.12 A
T-C95	8PGO	A=1-266	X-ray	1.14 A
T-C95	8PGP	A=1-266	X-ray	0.97 A
T-C95	8PGQ	A=1-266	X-ray	1.24 A
T-C95	8PGR	A=1-266	X-ray	1.22 A
T-C95	8PGS	A=1-266	X-ray	1.24 A
T-C95	8PGT	A=1-266	X-ray	1.21 A
T-C95	8PGU	A=1-266	X-ray	1.62 A
T-C95	8PGV	A=1-266	X-ray	1.23 A
T-C95	8PGW	A=1-266	X-ray	1.50 A
T-C95	8PGX	A=1-266	X-ray	1.20 A
T-C95	8PGY	A=1-266	X-ray	1.34 A
T-C95	8PGZ	A=1-266	X-ray	1.34 A
T-C95	8PH0	A=1-266	X-ray	1.36 A
T-C95	8PH1	A=1-266	X-ray	1.33 A
T-C95	8PH2	A=1-266	X-ray	1.13 A
T-C95	8PH3	A=1-266	X-ray	1.09 A
T-C96	1KO2	A=32-261	X-ray	2.20 A
T-C96	1KO3	A=32-261	X-ray	1.91 A
T-C96	4BZ3	A/B=27-266	X-ray	1.29 A
T-C96	4C1D	A/B=27-266	X-ray	1.20 A
T-C96	4C1E	A/B=27-266	X-ray	1.40 A
T-C96	4NQ2	A=1-261	X-ray	1.55 A
T-C96	4PVO	A/B=27-266	X-ray	1.48 A
T-C96	4PVT	A/B=27-266	X-ray	2.00 A
T-C96	4UA4	A/B=27-266	X-ray	1.25 A
T-C96	5ACU	A=1-266	X-ray	2.10 A
T-C96	5ACV	A/B=1-266	X-ray	1.96 A
T-C96	5ACW	A/B=1-266	X-ray	1.80 A
T-C96	5ACX	A/B=1-266	X-ray	1.80 A
T-C96	5FQC	A/B=27-266	X-ray	1.45 A
T-C96	5K48	A/B=27-266	X-ray	1.74 A
T-C96	5LCA	A=1-266	X-ray	1.93 A
T-C96	5LCF	A=1-266	X-ray	1.86 A
T-C96	5LCH	A=1-266	X-ray	1.94 A
T-C96	5LE1	A=1-266	X-ray	1.40 A
T-C96	5LM6	A/B=1-266	X-ray	1.17 A
T-C96	5MXQ	A=32-262	X-ray	2.00 A
T-C96	5MXR	A=32-263	X-ray	1.75 A
T-C96	5N4S	A/B=33-262	X-ray	1.20 A
T-C96	5N4T	A/B=30-263	X-ray	1.16 A
T-C96	5NHZ	A/B=1-266	X-ray	1.85 A
T-C96	5NI0	A/E=1-266	X-ray	1.67 A
T-C96	5Y6D	A/B/C/D=32-262	X-ray	2.10 A
T-C96	5Y6E	A/B=32-262	X-ray	1.80 A
T-C96	5YD7	A/B=21-266	X-ray	1.70 A
T-C96	6DD0	A/B=27-266	X-ray	1.50 A
T-C96	6DD1	A/B=27-266	X-ray	1.70 A
T-C96	6HF5	A=32-262	X-ray	1.80 A
T-C96	6J8R	A=32-262	X-ray	1.57 A
T-C96	6JN6	A/B=32-262	X-ray	1.60 A
T-C96	6KW1	A/B=1-266	X-ray	1.78 A
T-C96	6KXO	A/B=27-266	X-ray	1.49 A
T-C96	6KZN	A/B=27-266	X-ray	1.50 A
T-C96	6O5T	A/B=27-266	X-ray	2.10 A
T-C96	6RPN	A/B=27-266	X-ray	1.41 A
T-C96	6SP7	A/E=32-261	X-ray	1.80 A
T-C96	6TGI	A/B=21-266	X-ray	1.60 A
T-C96	6TM9	A=1-266	X-ray	1.07 A
T-C96	6TMA	A/B=1-266	X-ray	1.50 A
T-C96	6TMB	A/B=1-266	X-ray	1.50 A
T-C96	6TMC	A=1-266	X-ray	1.40 A
T-C96	6V1P	A/B=27-266	X-ray	1.20 A
T-C96	6ZGM	A=27-266	X-ray	1.65 A
T-C96	6ZYN	A/B=27-266	X-ray	1.40 A
T-C96	6ZYO	A/B=27-266	X-ray	1.45 A
T-C96	7A5Z	A=27-266	X-ray	1.29 A
T-C96	7A60	A/B=27-266	X-ray	1.47 A
T-C96	7AFX	A/B=27-266	X-ray	1.64 A
T-C96	7CHV	A=32-262	X-ray	2.17 A
T-C96	7CJL	A/B=32-262	X-ray	1.79 A
T-C96	7DU1	A/B=32-262	X-ray	1.79 A
T-C96	7DUB	A/B=32-262	X-ray	1.60 A
T-C96	7DUE	A/B=32-262	X-ray	1.80 A
T-C96	7DUX	A=32-262	X-ray	1.98 A
T-C96	7DUY	A=32-262	X-ray	2.00 A
T-C96	7DUZ	A/B=32-262	X-ray	1.60 A
T-C96	7DV0	A=32-262	X-ray	1.60 A
T-C96	7DV1	A/B=32-262	X-ray	1.97 A
T-C96	7DYY	A/B=32-262	X-ray	1.80 A
T-C96	7DYZ	A=32-262	X-ray	1.90 A
T-C96	7DZ0	A/B=32-262	X-ray	3.23 A
T-C96	7DZ1	A/B=32-262	X-ray	2.71 A
T-C96	7OVE	A=27-266	X-ray	1.92 A
T-C96	7OVF	A=27-266	X-ray	1.90 A
T-C96	7OVH	A=27-266	X-ray	1.80 A
T-C96	7PP0	A=27-266	X-ray	1.73 A
T-C96	7YHB	A/B=32-262	X-ray	1.43 A
T-C96	7YHC	A/B/C/D/E/F/G/H=32-262	X-ray	2.15 A
T-C96	7YHD	A=32-262	X-ray	1.70 A
T-C96	8HX5	A/B=32-262	X-ray	2.60 A
T-C96	8HXO	A/B=32-262	X-ray	1.90 A
T-C96	8HXP	A/B=32-262	X-ray	1.94 A
T-C96	8HXU	A/B=32-262	X-ray	1.95 A
T-C96	8HXV	A/B=32-262	X-ray	2.60 A
T-C96	8HXW	A/B=32-262	X-ray	2.39 A
T-C96	8HY1	A/B=32-262	X-ray	1.94 A
T-C96	8HY2	A=32-262	X-ray	2.00 A
T-C96	8HYD	A=32-262	X-ray	1.71 A
T-C96	8I52	A/D=21-266	X-ray	1.58 A
T-C96	8PJM	AAAA=27-266	X-ray	1.44 A
T-C96	8R5U	A/B=27-266	X-ray	1.56 A
T-C97	2WHG	A/B=32-261	X-ray	1.90 A
T-C98	5A87	A/B=21-266	X-ray	1.50 A
T-C98	5N55	A/B/C=1-266	X-ray	1.99 A
T-C98	5N58	A/B=1-266	X-ray	1.96 A
T-C98	5NAI	A=1-266	X-ray	1.15 A
T-C99	2Y87	A=1-265	X-ray	1.86 A
T-C99	2Y8A	A=1-265	X-ray	2.33 A
T-C99	2Y8B	A=1-265	X-ray	1.70 A
T-C99	4D1T	A=1-265	X-ray	1.25 A
T-C99	4D1U	A=1-265	X-ray	1.80 A
T-C99	4D1V	A=1-265	X-ray	1.70 A
T-C99	4D1W	A=1-265	X-ray	1.40 A
T-C100	5MM9	A/B=27-266	X-ray	1.55 A
T-C101	4UWO	B=1-266	X-ray	1.55 A
T-C101	4UWP	B=32-266	X-ray	1.70 A
T-C101	4UWR	B=1-266	X-ray	1.55 A
T-C101	4UWS	B=1-266	X-ray	1.66 A
T-C102	7YRP	A/B=21-266	X-ray	2.00 A
T-C103	4FR7	A=31-266	X-ray	1.61 A
T-C103	4FSB	A/B=31-266	X-ray	1.88 A
T-C103	9CV4	A=27-266	X-ray	1.36 A
T-C103	9CV5	A=27-266	X-ray	1.40 A
T-C104	5LL7	A=26-293	X-ray	1.40 A
T-C105	2QPN	A/B=1-287	X-ray	1.10 A
T-C105	4GOG	A/B=1-287	X-ray	1.10 A
T-C105	9ENY	A/B=18-287	X-ray	1.47 A
T-C106	3NI9	A/B=19-287	X-ray	2.00 A
T-C106	3NIA	A=19-287	X-ray	1.65 A
T-C106	4QU3	A/B=1-287	X-ray	1.40 A
T-C107	3V3R	A/B=1-287	X-ray	1.90 A
T-C108	3TSG	A/B=1-287	X-ray	1.90 A
T-C109	3V3S	A/B=1-287	X-ray	1.90 A
T-C110	4TZ9	A=42-270	X-ray	2.13 A
T-C110	6MH0	A/B=31-270	X-ray	1.65 A
T-C111	4TYF	A=46-266	X-ray	1.10 A
T-C112	4TZB	A=42-270	X-ray	2.03 A
T-C112	6MGX	A/B=31-270	X-ray	2.60 A
T-C113	4TZF	A=42-270	X-ray	1.22 A
T-C114	5WIH	A=42-270	X-ray	1.35 A
T-C114	6OL8	A/B=29-270	X-ray	2.10 A
T-C115	1E25	A=27-308	X-ray	1.90 A
T-C116	1DY6	A/B=28-294	X-ray	2.13 A
T-C116	9IL7	A/B=28-294	X-ray	2.40 A
T-C116	9IL8	A/B=28-294	X-ray	2.30 A
T-C116	9IL9	A/B=28-294	X-ray	2.28 A
T-C116	9ILE	A=28-294	X-ray	2.38 A
T-C116	9IO6	A/B=28-294	X-ray	2.07 A
T-C116	9IO7	A=28-294	X-ray	2.40 A
T-C116	9IOW	A=28-294	X-ray	2.40 A
T-C116	9IVL	A=28-294	X-ray	1.40 A
T-C116	9VXS	A/B=28-294	X-ray	2.50 A
T-C117	1DY6	A/B=28-294	X-ray	2.13 A
T-C117	9IL7	A/B=28-294	X-ray	2.40 A
T-C117	9IL8	A/B=28-294	X-ray	2.30 A
T-C117	9IL9	A/B=28-294	X-ray	2.28 A
T-C117	9ILE	A=28-294	X-ray	2.38 A
T-C117	9IO6	A/B=28-294	X-ray	2.07 A
T-C117	9IO7	A=28-294	X-ray	2.40 A
T-C117	9IOW	A=28-294	X-ray	2.40 A
T-C117	9IVL	A=28-294	X-ray	1.40 A
T-C117	9VXS	A/B=28-294	X-ray	2.50 A
T-C118	5EOE	A/B=21-283	X-ray	1.60 A
T-C118	5EOO	A/B/C/D=19-283	X-ray	1.48 A
T-C118	5EPH	A/B/C/D=19-283	X-ray	1.79 A
T-C118	5EUA	A/B=19-283	X-ray	1.85 A
T-C118	8JK3	A/B=19-283	X-ray	1.50 A
T-C118	8JOI	A/B=21-283	X-ray	1.70 A
T-C119	3BYD	A=25-291	X-ray	1.93 A
T-C120	3BYD	A=25-291	X-ray	1.93 A
T-C121	8EO5	A/B=37-326	X-ray	1.80 A
T-C121	8EO6	A/B=37-326	X-ray	2.35 A
T-C121	8EO7	A/B=37-326	X-ray	2.15 A
T-C122	6S1S	A=1-397	X-ray	1.78 A
T-C123	5AEB	A/B=26-293	X-ray	2.10 A
T-C124	5US1	A/B/C/D/E/F/G/H/I/J/K/L=1-178	X-ray	2.48 A
T-C124	6VOU	A/B=1-178	X-ray	1.95 A
T-C124	6VR2	A/B=1-178	X-ray	1.77 A
T-C124	6VR3	A/B=1-178	X-ray	2.00 A
T-C124	6VTA	A/B=1-178	X-ray	1.42 A
T-C124	7JZS	A=2-178	X-ray	1.30 A
T-C125	1M44	A/B=1-181	X-ray	1.60 A
T-C125	1M4D	A/B=1-181	X-ray	1.80 A
T-C125	1M4G	A/B=1-181	X-ray	1.80 A
T-C125	1M4I	A/B=1-181	X-ray	1.50 A
T-C126	7CRM	A/B/C/D=1-210	X-ray	2.49 A
T-C126	7CS0	A/B=1-210	X-ray	2.05 A
T-C126	7CS1	A/B=1-210	X-ray	1.97 A
T-C126	7CSI	A/B=1-210	X-ray	1.89 A
T-C126	7CSJ	A/B=1-210	X-ray	2.17 A
T-C127	4YFJ	A/B=1-176	X-ray	2.20 A
T-C128	7LAO	A=1-269	X-ray	1.92 A
T-C129	7MQK	A/B/C/D=1-271	X-ray	1.60 A
T-C129	7MQL	A/B/C/D=1-271	X-ray	1.60 A
T-C129	7MQM	A/B/C/D=1-271	X-ray	1.60 A
T-C129	7Q0Q	A/B=1-269	X-ray	1.96 A
T-C129	7Q10	A/B=1-269	X-ray	1.82 A
T-C129	7Q1D	A/B/C/D=1-271	X-ray	1.43 A
T-C129	7Q1X	A/B=1-271	X-ray	1.45 A
T-C130	6MN3	A/B=1-258	X-ray	2.40 A
T-C130	6MN4	A/B/C/D/E/F=1-258	X-ray	2.80 A
T-C130	6MN5	A/B/C/D/E/F=1-258	X-ray	2.58 A
T-C131	6BBR	A=1-299	Other	2.00 A
T-C131	6BBZ	A=1-299	Other	1.90 A
T-C131	6BC2	A=1-299	X-ray	2.19 A
T-C131	6BC3	A=1-299	X-ray	2.05 A
T-C131	6BC4	A=1-299	X-ray	2.05 A
T-C131	6BC5	A=1-299	X-ray	2.20 A
T-C131	6BC6	A=1-299	X-ray	2.20 A
T-C131	6BC7	A=1-299	X-ray	1.80 A
T-C131	6NP1	A=19-286	X-ray	1.60 A
T-C131	6NP2	A=19-286	X-ray	1.20 A
T-C131	6NP3	A=19-286	X-ray	1.15 A
T-C131	6NP4	A=19-286	X-ray	1.15 A
T-C131	6NP5	A=19-286	X-ray	1.35 A
T-C131	6O5U	A=1-299	X-ray	1.40 A
T-C132	7LAP	A/B=1-284	X-ray	2.04 A
T-C133	4EVY	A/B=1-145	X-ray	1.77 A
T-C133	4F0Y	A/B=1-145	X-ray	2.56 A
T-C134	4E8O	A/B=1-146	X-ray	2.14 A
T-C135	1B87	A=1-181	X-ray	2.70 A
T-C135	1N71	A/B/C/D=1-180	X-ray	1.80 A
T-C135	2A4N	A/B=1-182	X-ray	2.20 A
T-C135	5E96	A=1-180	X-ray	2.10 A
T-C135	7BXZ	A/B/C=1-182	X-ray	2.50 A
T-C136	1S3Z	A/B=1-145	X-ray	2.00 A
T-C136	1S5K	A/B=1-145	X-ray	2.40 A
T-C136	1S60	A=1-145	X-ray	3.00 A
T-C136	2VBQ	A/B=1-145	X-ray	2.00 A
T-C137	2PR8	A/B=1-188	X-ray	2.10 A
T-C137	2PRB	A=1-188	X-ray	1.80 A
T-C137	2QIR	A=1-188	X-ray	2.40 A
T-C138	4ORK	A/B/C/D=175-479	X-ray	2.30 A
T-C138	5BYL	A/B/C/D=175-479	X-ray	2.15 A
T-C138	5IQA	A/B/C/D=175-479	X-ray	2.15 A
T-C138	5IQB	A/B/C/D=175-479	X-ray	2.30 A
T-C138	5IQC	A/B/C/D=175-479	X-ray	2.30 A
T-C138	5IQD	A/B/C/D=175-479	X-ray	2.20 A
T-C138	5IQE	A/B/C/D=175-479	X-ray	2.50 A
T-C138	5IQF	A/B/C/D=175-479	X-ray	2.35 A
T-C138	5IQG	A/B/C/D=175-479	X-ray	2.50 A
T-C138	5IQH	A/B/C/D=175-479	X-ray	2.25 A
T-C138	5IQI	A/B/C/D=175-479	X-ray	2.15 A
T-C138	6C5U	A/B/C/D=175-479	X-ray	2.41 A
T-C138	6CAV	A/B/C/D=175-479	X-ray	2.60 A
T-C138	6CEY	A/B/C/D=175-479	X-ray	2.40 A
T-C138	6CGD	A/B/C/D=175-479	X-ray	2.20 A
T-C138	6CGG	A/B/C/D=175-479	X-ray	2.40 A
T-C138	6CH4	A/B/C/D=175-479	X-ray	2.30 A
T-C139	2PBE	A=2-284	X-ray	2.65 A
T-C140	3UZR	A=1-299	X-ray	1.95 A
T-C140	4DCA	A=1-299	X-ray	1.80 A
T-C141	3TDV	A/B=1-306	X-ray	2.20 A
T-C141	3TDW	A=1-306	X-ray	1.70 A
T-C141	6CTZ	A=5-301	X-ray	1.34 A
T-C142	3N4T	A=1-301	X-ray	2.20 A
T-C142	3N4U	A=1-301	X-ray	2.20 A
T-C142	3N4V	A/B=1-301	X-ray	2.40 A
T-C142	3SG8	A/B=1-297	X-ray	1.80 A
T-C142	3SG9	A/B=1-297	X-ray	2.15 A
T-C142	3SGC	A=1-296	X-ray	2.05 A
T-C142	4DBX	A=1-301	X-ray	2.00 A
T-C142	4DE4	A/B=1-301	X-ray	2.00 A
T-C142	4DFB	A/B=1-301	X-ray	1.95 A
T-C142	4DFU	A/B=1-301	X-ray	1.98 A
T-C142	4DT8	A/B=1-301	X-ray	2.15 A
T-C142	4DT9	A/B=1-301	X-ray	2.10 A
T-C142	4DTA	A/B=1-301	X-ray	2.35 A
T-C142	4DTB	A/B=1-301	X-ray	2.10 A
T-C142	4N57	A/B=1-301	X-ray	2.35 A
T-C142	5C4K	A/B=1-301	X-ray	3.05 A
T-C142	5C4L	A/B=1-301	X-ray	2.35 A
T-C142	6CD7	A/B=1-301	X-ray	1.53 A
T-C142	9H2Z	A/B=1-301	X-ray	2.40 A
T-C143	1ND4	A/B=1-264	X-ray	2.10 A
T-C144	1J7I	A=1-264	X-ray	3.20 A
T-C144	1J7L	A/B=1-264	X-ray	2.20 A
T-C144	1J7U	A/B=1-264	X-ray	2.40 A
T-C144	1L8T	A=2-264	X-ray	2.40 A
T-C144	1j7i			
T-C144	1j7l			
T-C144	1j7u			
T-C144	2B0Q	A=2-264	X-ray	2.70 A
T-C144	2BKK	A/C=1-264	X-ray	2.15 A
T-C144	3H8P			
T-C144	3Q2J	A/B=1-264	X-ray	2.15 A
T-C144	3TM0	A=2-264	X-ray	2.10 A
T-C144	3h8p			
T-C144	3q2j			
T-C145	3TYK	A=1-341	X-ray	1.95 A
T-C145	3W0M	A=1-341	X-ray	1.90 A
T-C145	3W0N	A=1-341	X-ray	1.90 A
T-C145	3W0O	A=1-341	X-ray	1.50 A
T-C145	3W0P	A=1-341	X-ray	2.00 A
T-C145	3W0Q	A=1-341	X-ray	1.80 A
T-C145	3W0R	A=1-341	X-ray	2.30 A
T-C145	3W0S	A=1-341	X-ray	1.77 A
T-C146	6IY9	A/B=1-332	X-ray	2.40 A
T-C147	3I0O	A=1-331	X-ray	2.40 A
T-C147	3I0Q	A=1-331	X-ray	2.80 A
T-C147	3I1A	A/B=1-331	X-ray	1.70 A
T-C147	3Q2M	A=1-331	X-ray	2.90 A
T-C148	3MTE	A/B=1-219	X-ray	1.80 A
T-C148	3P2E	A/B=1-219	X-ray	1.68 A
T-C148	3P2I	A/B=1-219	X-ray	2.40 A
T-C148	3P2K	A/B/C/D=1-219	X-ray	2.70 A
T-C148	3PB3	A/B=1-219	X-ray	1.90 A
T-C148	4OX9	Y=1-219	X-ray	3.80 A
T-C149	6PI9	A=1-259	X-ray	1.85 A
T-C150	7NHL	0=1-522	EM	3.10 A
T-C151	4HUR	A/B/C=1-219	X-ray	2.15 A
T-C151	4HUS	A/B/C=1-219	X-ray	2.36 A
T-C151	4MYO	A/B/C=7-219	X-ray	2.70 A
T-C151	6X3C	A/B/C/D/E/F=7-213	X-ray	3.05 A
T-C151	6X3J	A/B/C/D/E/F=7-215	X-ray	2.70 A
T-C152	5VB0	A/B/C/D/E/F/G/H=1-138	X-ray	2.69 A
T-C152	5WEP	A/B=1-138	X-ray	3.50 A
T-C153	7N7G	A/B=1-139	X-ray	2.00 A
T-C154	6DJA	A=35-256	X-ray	2.48 A
T-C155	4FU0	A/B=1-349	X-ray	2.35 A
T-C156	8DVQ	A=219-384	X-ray	2.19 A
T-C156	8DWZ	A=219-384	X-ray	2.21 A
T-C157	8DX0	A/B=208-361	X-ray	1.45 A
T-C158	1R44	A/B/C/D/E/F=1-202	X-ray	2.25 A
T-C158	8XZ2	B/C=1-202	NMR	-
T-C159	5HNM	A/B/C/D/E/F=72-268	X-ray	2.30 A
T-C159	5ZHF	A/B=52-268	X-ray	1.65 A
T-C159	5ZHW	A/B=52-268	X-ray	2.18 A
T-C159	6A6A	A/B=52-268	X-ray	2.26 A
T-C160	4MUR	A/B=1-190	X-ray	1.65 A
T-C160	4MUS	A/B=1-190	X-ray	1.68 A
T-C160	4MUT	A/B=1-190	X-ray	2.25 A
T-C160	4OAK	A/B=1-190	X-ray	2.00 A
T-C161	4ECL	A/B/C/D=339-712	X-ray	2.02 A
T-C162	2WAD	A/B/C=36-680	X-ray	2.18 A
T-C162	2WAE	A=36-680	X-ray	2.26 A
T-C162	2WAF	A=36-680	X-ray	3.29 A
T-C163	4F78	A=1-254	X-ray	1.95 A
T-C163	4MUQ	A=1-254	X-ray	1.36 A
T-C164	6HUH	A/B=1-264	X-ray	2.78 A
T-C165	7ODA	A/B/C/D=23-265	X-ray	1.80 A
T-C166	6NVT	A/B/C/D=36-311	X-ray	2.20 A
T-C166	6NVU	A=36-312	X-ray	2.50 A
T-C166	6PQ8	A=14-312	X-ray	2.20 A
T-C166	6PQ9	A=14-312	X-ray	2.19 A
T-C167	5GS8	A=30-309	X-ray	1.59 A
T-C167	5GWA	A=30-309	X-ray	1.59 A
T-C167	5X5G	A=30-309	X-ray	2.00 A
T-C168	1JGS	A=7-144	X-ray	2.30 A
T-C168	3VB2	A/B=1-144	X-ray	2.60 A
T-C168	3VOD	A/B=1-144	X-ray	2.60 A
T-C168	3VOE	A/B=1-144	X-ray	2.60 A
T-C168	4JBA	A/B=1-144	X-ray	2.50 A
T-C168	5H3R	A/B=1-144	X-ray	2.67 A
T-C169	2ZHG	A=1-154	X-ray	2.80 A
T-C169	2ZHH	A=1-154	X-ray	3.20 A
T-C170	5O9C	A/B/C/D=22-375	X-ray	2.47 A
T-C171	1BT9	A=23-362	X-ray	3.00 A
T-C171	1GFM	A=23-362	X-ray	3.50 A
T-C171	1GFN	A=23-362	X-ray	3.10 A
T-C171	1GFO	A=23-362	X-ray	3.30 A
T-C171	1GFP	A=23-362	X-ray	2.70 A
T-C171	1GFQ	A=23-362	X-ray	2.80 A
T-C171	1HXT	A=23-362	X-ray	2.40 A
T-C171	1HXU	A=23-362	X-ray	3.00 A
T-C171	1HXX	A=23-362	X-ray	2.20 A
T-C171	1MPF	A=23-362	X-ray	3.00 A
T-C171	1OPF	A/B/C/D/E/F=23-362	X-ray	3.20 A
T-C171	2OMF	A=23-362	X-ray	2.40 A
T-C171	2ZFG	A=23-362	X-ray	1.59 A
T-C171	2ZLD	A/B=23-362	X-ray	3.00 A
T-C171	3FYX	A=23-362	X-ray	3.40 A
T-C171	3HW9	A/B=1-362	X-ray	2.61 A
T-C171	3HWB	A/B=1-362	X-ray	3.00 A
T-C171	3K19	A/B/C/D/E/F/G/H/I/J/K/L=23-362	X-ray	3.79 A
T-C171	3K1B	A/B/C/D=23-362	X-ray	4.39 A
T-C171	3O0E	A/B/C/D/E/F=23-362	X-ray	3.01 A
T-C171	3POQ	A=23-362	X-ray	1.90 A
T-C171	3POU	A=23-362	X-ray	2.80 A
T-C171	3POX	A/B/C/D/E/F=23-362	X-ray	2.00 A
T-C171	4D5U	A/B/C/D/E/F=23-362	X-ray	3.50 A
T-C171	4GCP	A/B=23-362	X-ray	1.98 A
T-C171	4GCQ	A/B=23-362	X-ray	2.20 A
T-C171	4GCS	A/B=23-362	X-ray	1.87 A
T-C171	4JFB	A/B/C/D/E/F=23-362	X-ray	3.80 A
T-C171	4LSE	A/B/C=23-362	X-ray	2.10 A
T-C171	4LSF	A/B=23-362	X-ray	1.90 A
T-C171	4LSH	A/B=23-362	X-ray	2.20 A
T-C171	4LSI	A/B/C=23-362	X-ray	2.09 A
T-C171	5NUO	A/C/E=23-362	X-ray	3.20 A
T-C171	5NUQ	A/B/C/D/E/F=23-362	X-ray	3.20 A
T-C171	5NUR	A/C/E=23-362	X-ray	3.29 A
T-C171	6WTZ	A/B/C=1-362	EM	3.15 A
T-C171	6ZHP	B=1-362	X-ray	2.05 A
T-C171	6ZHV	A/B/C=1-362	X-ray	1.95 A
T-C171	7FDY	A/B/C=23-362	X-ray	3.10 A
T-C171	7NST	A/B/C=23-362	EM	3.70 A
T-C171	7NSU	A/B/C=23-362	EM	4.70 A
T-C171	8C7L	A/B/C/D/E/F=1-362	X-ray	3.52 A
T-C171	9J9L	A=23-362	X-ray	2.60 A
T-C171	9J9M	A/B=23-362	X-ray	2.29 A
T-C171	9J9N	A/B=23-362	X-ray	2.86 A
T-C171	9J9O	A/B=23-362	X-ray	2.99 A
T-C171	9J9P	A=23-362	X-ray	3.47 A
T-C172	5V93	l=1-124	EM	4.00 A
T-C172	7KGB	l=1-124	EM	2.70 A
T-C172	7MSC	l=1-124	EM	2.97 A
T-C172	7MSH	l=1-124	EM	3.23 A
T-C172	7MSM	l=1-124	EM	2.79 A
T-C172	7MSZ	l=1-124	EM	3.10 A
T-C172	7MT2	l=1-124	EM	2.76 A
T-C172	7MT3	l=1-124	EM	2.80 A
T-C172	7MT7	l=1-124	EM	2.71 A
T-C172	7SFR	l=1-124	EM	2.60 A
T-C173	5KS2	A=60-268	X-ray	2.18 A
T-C173	5KYG	A=60-268	X-ray	1.90 A
T-C173	7S0S	B=1-268	EM	3.05 A
T-C174	7CFE	A=1-224	X-ray	2.02 A
T-C175	7W5W	J=1-107	EM	4.55 A
T-C175	7W5X	K=1-107	EM	3.40 A
T-C175	7W5Y	K=1-107	EM	4.20 A
T-C176	3BFC	A/B/C/D=34-295	X-ray	2.20 A
T-C176	3BFD	A/B/C/D=33-295	X-ray	2.00 A
T-C176	3BFE	A/B/C/D=34-295	X-ray	2.40 A
T-C176	3BFF	A/B/C/D=34-295	X-ray	1.90 A
T-C176	3BFG	A/B/C/D=34-295	X-ray	2.00 A
T-C177	1BUE	A=28-292	X-ray	1.64 A
T-C177	1BUL	A=28-292	X-ray	1.89 A
T-C178	2ODJ	A/B=26-443	X-ray	2.90 A
T-C178	3SY7	A=24-443	X-ray	2.15 A
T-C178	4FOZ	A=24-443	X-ray	2.40 A
T-C179	8WRF	A/B=15-212	X-ray	3.00 A
T-C180	6MK6	A/B/C/D=20-284	X-ray	1.70 A
T-C180	6MKQ	A=20-284	X-ray	1.90 A
T-C181	1A2N	A=1-419	X-ray	2.80 A
T-C181	1UAE	A=1-419	X-ray	1.80 A
T-C181	1uae			
T-C181	2Z2C	A/B/C/D=1-419	X-ray	2.05 A
T-C181	3ISS	A/B/C/D/E/F/G/H/I/J/K/L=1-418	X-ray	2.50 A
T-C181	3KQJ	A=1-419	X-ray	1.70 A
T-C181	3KR6	A=1-419	X-ray	1.70 A
T-C181	3SWD	A/B/C/D/E/F/G/H/I/J/K/L=1-418	X-ray	2.50 A
T-C181	5VM7	B=1-419	EM	5.70 A
T-C181	5vm7			
T-C182	2FHX	A/B=31-276	X-ray	1.90 A
T-C182	4BP0	A/B/C/D=29-276	X-ray	2.24 A
T-C182	5LS3	A/B=29-276	X-ray	1.75 A
T-C182	5NDB	A/B=29-276	X-ray	2.38 A
T-C182	5NDE	A/B=29-276	X-ray	1.70 A
T-C183	2QOP	A=1-215	X-ray	2.55 A
T-C183	3BCG	A/B=1-215	X-ray	2.48 A
T-C184	1ZH2	A/B=1-121	X-ray	2.00 A
T-C184	1ZH4	A/B=1-121	X-ray	2.20 A
T-C184	3ZQ7	A=124-225	X-ray	2.52 A
T-C184	4KFC	A/B=3-225	X-ray	2.53 A
T-C184	4KNY	A/B=3-225	X-ray	2.94 A
T-C184	4L85	A/B/C=3-121	X-ray	2.20 A
T-C184	6LGQ	D=1-225	X-ray	3.00 A
T-C185	4NET	A/B=24-383	X-ray	1.20 A
T-C185	9MTU	A/B=24-383	X-ray	1.30 A
T-C185	9MTV	A/B=24-383	X-ray	1.80 A
T-C186	4U0T	A/B/C/D/E/F/G/H=24-383	X-ray	1.73 A
T-C186	4U0X	A/B/C/D=24-383	X-ray	2.03 A
T-C186	5W12	A/B/C/D=24-383	X-ray	1.88 A
T-C186	5W13	A/B/C/D=24-383	X-ray	1.95 A
T-C186	5W14	A/B/C/D=24-383	X-ray	1.88 A
T-C186	5WAC	A/B/C/D=24-383	X-ray	2.06 A
T-C186	5WAD	A/B/C/D=24-383	X-ray	2.09 A
T-C186	5WAE	A/B/C/D=24-383	X-ray	1.80 A
T-C186	5WAF	A/B/C/D=24-383	X-ray	2.03 A
T-C186	5WAG	A/B/C/D=24-383	X-ray	1.93 A
T-C186	6PWL	A/B/C/D=24-383	X-ray	1.67 A
T-C186	6PWM	A/B/C/D=24-383	X-ray	2.40 A
T-C186	6TZF	A/B/C/D=24-383	X-ray	1.96 A
T-C186	6TZG	A/B/C/D=24-383	X-ray	1.82 A
T-C186	6TZH	A/B/C/D=24-383	X-ray	2.04 A
T-C186	6TZI	A/B/C/D=24-383	X-ray	1.74 A
T-C186	6TZJ	A/B/C/D=24-383	X-ray	1.80 A
T-C186	8FQM	A/B/C/D=24-383	X-ray	1.53 A
T-C187	8FQR	B=24-383	X-ray	1.24 A
T-C187	8FQS	B=24-383	X-ray	1.21 A
T-C188	1PW4	A=3-448	X-ray	3.30 A
T-C189	5IQK	A/B=32-302	X-ray	1.75 A
T-C190	1EZA	A=1-258	NMR	-
T-C190	1EZB	A=1-258	NMR	-
T-C190	1EZC	A=1-258	NMR	-
T-C190	1EZD	A=1-258	NMR	-
T-C190	1ZYM	A/B=1-258	X-ray	2.50 A
T-C190	2EZA	A=1-258	NMR	-
T-C190	2EZB	A=1-258	NMR	-
T-C190	2EZC	A=1-258	NMR	-
T-C190	2HWG	A/B=1-575	X-ray	2.70 A
T-C190	2KX9	A/B=1-573	Other	-
T-C190	2L5H	A/B=1-573	Other	-
T-C190	2MP0	A=1-258	NMR	-
T-C190	2N5T	A/B=1-575	Other	-
T-C190	2XDF	A/B=1-573	Other	-
T-C190	2hwg			
T-C190	2n5t			
T-C190	3EZA	A=1-249	NMR	-
T-C190	3EZB	A=1-258	NMR	-
T-C190	3EZE	A=1-258	NMR	-
T-C190	6V9K	A/B=261-575	X-ray	1.90 A
T-C190	6VU0	A/B=261-575	X-ray	3.50 A
T-C191	7JM0	A/B/C=1-274	X-ray	2.08 A
T-C191	7JM1	A/B/C=1-274	X-ray	2.31 A
T-C191	7JM2	A/B/C=1-274	X-ray	1.85 A
T-C191	7UUJ	A/B/C=1-274	X-ray	1.78 A
T-C191	7UUK	A/B/C=1-274	X-ray	2.82 A
T-C191	7UUL	A/B/C/D/E/F=1-274	X-ray	2.26 A
T-C191	7UUM	A=1-274	X-ray	2.74 A
T-C191	7UUN	A=1-274	X-ray	2.83 A
T-C191	7UUO	A/B/C=1-274	X-ray	2.65 A
T-C192	2F1M	A/B/C/D=45-312	X-ray	2.71 A
T-C192	5NG5	A/B/D/E/G/H=25-397	EM	6.50 A
T-C192	5O66	D/E/F/G/H/I=25-397	EM	5.90 A
T-C192	5V5S	D/E/F/G/H/I=1-397	EM	6.50 A
T-C193	3ECH	C=29-53	X-ray	1.80 A
T-C194	2MXE	A=77-124	NMR	-
T-C194	2MXF	A=77-124	NMR	-
T-C195	3MQ2	A/B=1-215	X-ray	1.69 A
T-C196	1D5Y	A/B/C/D=3-289	X-ray	2.70 A
T-C196	7VWY	G=1-289	EM	4.57 A
T-C196	7VWZ	G/I=1-289	EM	4.00 A
T-C197	5K0W	A/B=1-290	X-ray	2.61 A
T-C198	3TYR	A/B=1-67	X-ray	1.70 A
T-C198	3TYS	A=1-67	X-ray	1.12 A
T-C199	1C3B	A/B=20-377	X-ray	2.25 A
T-C199	1FCM	A/B=20-377	X-ray	2.46 A
T-C199	1FCN	A/B=20-377	X-ray	2.35 A
T-C199	1FCO	A/B=20-377	X-ray	2.20 A
T-C199	1FSW	A/B=20-376	X-ray	1.90 A
T-C199	1FSY	A/B=20-376	X-ray	1.75 A
T-C199	1GA9	A/B=20-377	X-ray	2.10 A
T-C199	1I5Q	A/B=20-377	X-ray	1.83 A
T-C199	1IEL	A/B=20-377	X-ray	2.00 A
T-C199	1IEM	A/B=20-377	X-ray	2.30 A
T-C199	1KDS	A/B=20-377	X-ray	2.15 A
T-C199	1KDW	A/B=20-377	X-ray	2.28 A
T-C199	1KE0	A/B=20-377	X-ray	2.30 A
T-C199	1KE3	A/B=20-377	X-ray	2.15 A
T-C199	1KE4	A/B=20-377	X-ray	1.72 A
T-C199	1KVL	A/B=20-377	X-ray	1.53 A
T-C199	1KVM	A/B=20-377	X-ray	2.06 A
T-C199	1L0D	A/B=20-377	X-ray	1.53 A
T-C199	1L0E	A/B=20-377	X-ray	1.90 A
T-C199	1L0F	A/B=20-377	X-ray	1.66 A
T-C199	1L0G	A/B=20-377	X-ray	1.50 A
T-C199	1L2S	A/B=20-377	X-ray	1.94 A
T-C199	1LL5	A/B=20-377	X-ray	1.80 A
T-C199	1LL9	A/B=20-377	X-ray	1.87 A
T-C199	1LLB	A/B=20-377	X-ray	1.72 A
T-C199	1MXO	A/B=20-377	X-ray	1.83 A
T-C199	1MY8	A/B=20-377	X-ray	1.72 A
T-C199	1O07	A/B=20-377	X-ray	1.71 A
T-C199	1PI4	A/B=20-377	X-ray	1.39 A
T-C199	1PI5	A/B=20-377	X-ray	1.49 A
T-C199	1XGI	A/B=20-377	X-ray	1.96 A
T-C199	1XGJ	A/B=20-377	X-ray	1.97 A
T-C199	2BLS	A/B=20-377	X-ray	2.00 A
T-C199	2FFY	A/B=20-377	X-ray	1.07 A
T-C199	2HDQ	A/B=20-377	X-ray	2.10 A
T-C199	2HDR	A/B=20-377	X-ray	2.20 A
T-C199	2HDS	A/B=20-377	X-ray	1.16 A
T-C199	2HDU	A/B=20-377	X-ray	1.49 A
T-C199	2I72	A/B=20-377	X-ray	2.20 A
T-C199	2P9V	A/B=20-377	X-ray	1.80 A
T-C199	2PU2	A/B=20-377	X-ray	1.86 A
T-C199	2PU4	A/B=20-377	X-ray	2.00 A
T-C199	2R9W	A/B=20-377	X-ray	1.80 A
T-C199	2R9X	A/B=20-377	X-ray	1.90 A
T-C199	2RCX	A/B=20-377	X-ray	2.00 A
T-C199	3BLS	A/B=20-377	X-ray	2.30 A
T-C199	3BM6	A/B=20-377	X-ray	2.10 A
T-C199	3FKV	A/B=20-377	X-ray	1.85 A
T-C199	3FKW	A/B=20-377	X-ray	1.50 A
T-C199	3GQZ	A/B=20-377	X-ray	1.80 A
T-C199	3GR2	A/B=20-377	X-ray	1.80 A
T-C199	3GRJ	A/B=20-377	X-ray	2.49 A
T-C199	3GSG	A/B=20-377	X-ray	2.10 A
T-C199	3GTC	A/B=20-377	X-ray	1.90 A
T-C199	3GV9	A/B=20-377	X-ray	1.80 A
T-C199	3GVB	A/B=20-377	X-ray	1.80 A
T-C199	3IWI	A/B=20-377	X-ray	1.64 A
T-C199	3IWO	A/B=20-377	X-ray	1.90 A
T-C199	3IWQ	A/B=20-377	X-ray	1.84 A
T-C199	3IXB	A/B=20-377	X-ray	1.63 A
T-C199	3IXD	A/B=20-377	X-ray	2.64 A
T-C199	3IXG	A/B=20-377	X-ray	2.14 A
T-C199	3IXH	A/B=20-377	X-ray	2.30 A
T-C199	3O86	A/B=20-377	X-ray	1.60 A
T-C199	3O87	A/B=20-377	X-ray	1.78 A
T-C199	3O88	A/B=20-377	X-ray	1.64 A
T-C199	4E3I	A/B=20-377	X-ray	1.60 A
T-C199	4E3J	A/B=20-377	X-ray	1.80 A
T-C199	4E3K	A/B=20-377	X-ray	1.43 A
T-C199	4E3L	A/B=20-377	X-ray	1.43 A
T-C199	4E3M	A/B=20-377	X-ray	1.44 A
T-C199	4E3N	A/B=20-377	X-ray	1.49 A
T-C199	4E3O	A/B=20-377	X-ray	1.60 A
T-C199	4JXG	A/B=20-377	X-ray	1.65 A
T-C199	4JXS	A/B=20-377	X-ray	1.90 A
T-C199	4JXV	A/B=20-377	X-ray	1.76 A
T-C199	4JXW	A/B=20-377	X-ray	2.30 A
T-C199	4KEN	B=20-377	X-ray	1.89 A
T-C199	4KG2	A/B=20-377	X-ray	1.89 A
T-C199	4KG5	A/B/C/D=20-377	X-ray	2.11 A
T-C199	4KG6	A/B/C/D=20-377	X-ray	1.75 A
T-C199	4KZ3	A/B=20-377	X-ray	1.67 A
T-C199	4KZ4	A/B=20-377	X-ray	1.42 A
T-C199	4KZ5	A/B=20-377	X-ray	1.35 A
T-C199	4KZ6	A/B=20-377	X-ray	1.68 A
T-C199	4KZ7	A/B=20-377	X-ray	1.43 A
T-C199	4KZ8	A/B=20-377	X-ray	2.28 A
T-C199	4KZ9	A/B=20-377	X-ray	1.72 A
T-C199	4KZA	A/B=20-377	X-ray	1.60 A
T-C199	4KZB	A/B=20-377	X-ray	1.37 A
T-C199	4LV0	A/B=20-377	X-ray	1.65 A
T-C199	4LV1	A/B=20-377	X-ray	1.74 A
T-C199	4LV2	A/B=20-377	X-ray	1.65 A
T-C199	4LV3	A/B=20-377	X-ray	1.42 A
T-C199	4OKP	A/B=20-377	X-ray	1.37 A
T-C199	4OLD	A/B=20-377	X-ray	1.48 A
T-C199	4OLG	A/B=20-377	X-ray	1.71 A
T-C199	5JOC	A/B=21-377	X-ray	1.75 A
T-C199	6DPT	A/B=20-377	X-ray	1.79 A
T-C199	6DPX	A/B=20-377	X-ray	1.90 A
T-C199	6DPY	A/B=20-377	X-ray	1.91 A
T-C199	6DPZ	A/B=20-377	X-ray	1.50 A
T-C199	6T35	A=20-377	X-ray	1.75 A
T-C199	6T3D	A=20-377	X-ray	1.50 A
T-C199	6T5Y	A=20-377	X-ray	1.30 A
T-C199	6T7L	A=20-377	X-ray	1.47 A
T-C199	6TBW	A=20-377	X-ray	1.51 A
T-C199	6TPM	A=20-377	X-ray	1.72 A
T-C199	6WHF	A/B=19-377	X-ray	1.40 A
T-C199	6X9Y	A/B=20-377	X-ray	1.90 A
T-C199	6XFS	A/B/C/D=19-377	X-ray	2.70 A
T-C199	6XG1	A/B=19-377	X-ray	1.22 A
T-C199	6YEN	A=20-377	X-ray	1.42 A
T-C199	6YEO	A/B/C/D=20-377	X-ray	2.04 A
T-C199	6YPD	A=20-377	X-ray	1.60 A
T-C199	9C6P	A/B=1-377	X-ray	1.66 A
T-C199	9C81	A/B=1-377	X-ray	1.70 A
T-C199	9C83	A/B=1-377	X-ray	2.90 A
T-C199	9C84	A/B=1-377	X-ray	1.70 A
T-C199	9DHL	A/B=1-377	X-ray	1.88 A
T-C200	7MQN	A/B=31-379	X-ray	2.21 A
T-C201	6HZO	A/B/C/D=250-585	X-ray	2.44 A
T-C202	6HA8	V=2-485	EM	3.50 A
T-C203	4QD4	A/B=24-383	X-ray	1.80 A
T-C204	7BYQ	A/B/C/D=2-373	X-ray	1.96 A
T-C204	7BZ1	A/B/C/D=9-373	X-ray	2.45 A
T-C204	7BZ3	A/B/C/D=2-373	X-ray	2.00 A
T-C204	7BZ4	A/B/C/D=2-373	X-ray	2.16 A
T-C204	7BZI	A/B/C/D/E/F/G/H=2-373	X-ray	1.94 A
T-C204	7WI1	A/B/C/D/E/F/G/H=2-373	X-ray	1.61 A
T-C205	5TUE	A/B=1-388	X-ray	2.10 A
T-C205	5TUF	A/B=1-388	X-ray	2.25 A
T-C205	5TUI	A/B=1-388	X-ray	1.75 A
T-C206	5TUK	A/B/C/D=1-387	X-ray	1.85 A
T-C207	5TUL	A=1-385	X-ray	2.00 A
T-C208	5TUM	A/B=1-389	X-ray	3.30 A
T-C209	8FQV	A/B=24-383	X-ray	1.48 A
T-C209	8FQW	A/B=24-383	X-ray	1.59 A
T-C210	6BFF	A/B=1-178	X-ray	1.70 A
T-C210	6BFH	A=1-178	X-ray	1.95 A
T-C211	4NAY	A=2-139	X-ray	1.42 A
T-C211	4NAZ	A=2-139	X-ray	1.15 A
T-C211	4NB0	A/B=2-139	X-ray	1.62 A
T-C211	4NB1	A/B=1-139	X-ray	1.80 A
T-C211	4NB2	A/B=1-139	X-ray	1.89 A
T-C212	4H05	A/B=1-267	X-ray	2.15 A
T-C213	7L7B	D=1-1161	EM	3.26 A
T-C213	7l7b			
T-C214	7EPV	A=1-385	X-ray	1.78 A
T-C214	7EPW	A=1-385	X-ray	2.23 A
T-C214	7epv			
T-C214	7epw			
T-C214	9HJV	A=9-379	X-ray	2.20 A
T-C214	9HJW	A=9-379	X-ray	1.90 A
T-C214	9HKE	A=9-379	X-ray	1.90 A
T-C215	6V3Q	A/B=35-261	X-ray	2.40 A
T-C216	3EQU	A/B=44-581	X-ray	2.40 A
T-C216	3EQV	A/B=44-581	X-ray	2.40 A
T-C216	4U3T	A/B=237-574	X-ray	2.20 A
T-C216	5KSH	A/B=44-581	X-ray	2.40 A
T-C216	6HZJ	A/B=238-581	X-ray	1.43 A
T-C216	6P52	A/B=237-574	X-ray	1.83 A
T-C216	6P53	A/B=237-574	X-ray	1.92 A
T-C216	6P54	A/B=237-574	X-ray	1.83 A
T-C216	6P55	A/B=237-574	X-ray	1.74 A
T-C216	6P56	A/B=237-574	X-ray	1.92 A
T-C216	6VBM	A/B=237-574	X-ray	1.71 A
T-C216	6XQV	A/B=237-282, A/B=298-574	X-ray	2.05 A
T-C216	6XQX	A/B=237-282, A/B=298-574	X-ray	2.15 A
T-C216	6XQY	A/B=237-282, A/B=298-574	X-ray	1.90 A
T-C216	6XQZ	A/B=237-282, A/B=298-574	X-ray	2.04 A
T-C217	3R1K	A=1-402	X-ray	1.95 A
T-C217	3RYO	A/B/C/D/E/F/G/H/I/J/K/L=1-402	X-ray	2.80 A
T-C217	3SXO	A/B=1-402	X-ray	2.50 A
T-C217	3UY5	A=1-402	X-ray	2.50 A
T-C217	4JD6	A/B/C/D/E/F=1-402	X-ray	3.50 A
T-C217	5EBV	A=2-402	X-ray	2.20 A
T-C217	5EC4	A=2-402	X-ray	2.21 A
T-C217	5IV0	A=1-402	X-ray	2.10 A
T-C217	5TVJ	A=2-402	X-ray	2.30 A
T-C217	6B0U	A/B/C=1-402	X-ray	2.80 A
T-C217	6B3T	A=1-402	X-ray	2.40 A
T-C217	6P3T	A=1-402	X-ray	2.50 A
T-C217	6P3U	A=1-402	X-ray	2.55 A
T-C217	6P3V	A=1-402	X-ray	2.50 A
T-C217	6VUR	A=1-402	X-ray	2.20 A
T-C217	6VUS	A=1-402	X-ray	2.28 A
T-C217	6VUT	A=1-402	X-ray	2.73 A
T-C217	6VUU	A=1-402	X-ray	2.60 A
T-C217	6VUW	A=1-402	X-ray	2.87 A
T-C217	6VUX	A=1-402	X-ray	1.97 A
T-C217	6VUY	A=1-402	X-ray	2.70 A
T-C217	6VUZ	A=1-402	X-ray	2.65 A
T-C217	6VV0	A=1-402	X-ray	3.00 A
T-C217	6VV1	A=1-402	X-ray	2.45 A
T-C217	6VV2	A=1-402	X-ray	2.95 A
T-C217	6VV3	A=1-402	X-ray	2.40 A
T-C217	6X10	A=1-402	X-ray	2.03 A
T-C217	6X6G	AAA=1-402	X-ray	2.15 A
T-C217	6X6I	AAA=1-402	X-ray	1.90 A
T-C217	6X6Y	AAA=1-402	X-ray	2.50 A
T-C217	6X7A	AAA=1-402	X-ray	2.08 A
T-C217	8D1R	A=1-402	X-ray	2.19 A
T-C217	8D23	A=1-402	X-ray	2.14 A
T-C217	8D25	A=1-402	X-ray	2.05 A
T-C217	8F4A	A=1-402	X-ray	2.41 A
T-C217	8F4T	A=1-402	X-ray	1.93 A
T-C217	8F4U	A=1-402	X-ray	1.91 A
T-C217	8F4W	A=1-402	X-ray	2.10 A
T-C217	8F4Z	A=1-402	X-ray	2.10 A
T-C217	8F51	A=1-402	X-ray	2.35 A
T-C217	8F55	A=1-402	X-ray	2.20 A
T-C217	8F57	A=1-402	X-ray	2.42 A
T-C217	8F58	A=1-402	X-ray	2.30 A
T-C218	7KIF	Z=1-92	EM	2.94 A
T-C218	7KIM	Z=1-92	EM	3.38 A
T-C218	7KUF	A=1-92	X-ray	2.60 A
T-C218	7KUG	A/C=1-79	X-ray	1.55 A
T-C218	7kif			
T-C218	7kim			
T-C218	7kuf			
T-C219	7KIF	Z=1-92	EM	2.94 A
T-C219	7KIM	Z=1-92	EM	3.38 A
T-C219	7KUF	A=1-92	X-ray	2.60 A
T-C219	7KUG	A/C=1-79	X-ray	1.55 A
T-C219	7kif			
T-C219	7kim			
T-C219	7kuf			
T-C220	5IV8	A/C=203-782	X-ray	2.94 A
T-C220	5IV9	A=25-782	X-ray	4.37 A
T-C221	8JU7	A/B=29-131	X-ray	1.80 A
T-C222	1VPZ	A/B=1-61	X-ray	2.05 A
T-C222	7YR6	B/C/D/E=1-55	EM	4.80 A
T-C222	7YR7	B/C/D/E/F/G=1-55	EM	3.80 A
T-C223	4V4I	C=1-206	X-ray	3.71 A
T-C223	4V4J	C=1-206	X-ray	3.83 A
T-C223	4V63	BE/DE=1-206	X-ray	3.21 A
T-C223	4V67	BE/DE=1-206	X-ray	3.00 A
T-C223	4V7P	BD/CD=1-206	X-ray	3.62 A
T-C223	4V83	BD/DD=1-204	X-ray	3.50 A
T-C223	4V84	BD/DD=1-204	X-ray	3.40 A
T-C223	4V9J	BE/DE=1-205	X-ray	3.86 A
T-C223	4V9K	BE/DE=1-205	X-ray	3.50 A
T-C223	4V9L	BE/DE=1-205	X-ray	3.50 A
T-C223	4V9M	BE/DE=1-205	X-ray	4.00 A
T-C223	4V9N	BE/DE=1-204	X-ray	3.40 A
T-C223	4V9Q	AE/CE=1-204	X-ray	3.40 A
T-C223	4W29	BE/DE=1-205	X-ray	3.80 A
T-C223	4XEJ	AL03/BL03=1-204	X-ray	3.80 A
T-C223	5J4D	F/KB=1-206	X-ray	3.10 A
T-C223	5V8I	1E/2E=1-206	X-ray	3.25 A
T-C223	6B4V	F/JB=1-206	X-ray	3.40 A
T-C223	6BOH	F/KB=1-206	X-ray	3.40 A
T-C223	6BOK	F/IB=1-206	X-ray	3.55 A
T-C223	6N1D	AL03/BL03=1-206	X-ray	3.20 A
T-C224	4IR0	A/B=1-139	X-ray	1.60 A
T-C224	4JD1	A/B=1-139	X-ray	1.70 A
T-C224	5F6Q	A/B=1-139	X-ray	1.52 A
T-C225	1M2X	A/B/C/D=27-249	X-ray	1.50 A
T-C226	5A90	A=30-291	Neutron	1.70 A
T-C226	5A91	A=30-291	X-ray	1.20 A
T-C226	5A92	A=30-291	X-ray	1.05 A
T-C226	5A93	A=30-291	Other	1.60 A
T-C226	5G18	A=30-291	X-ray	1.10 A
T-C227	6HB8	A/B/C/D=21-263	X-ray	1.86 A
T-C228	6SKQ	A/B/C/D=1-266	X-ray	2.10 A
T-C229	8TJM	A=26-304	X-ray	1.28 A
T-C229	8TMR	A=26-304	X-ray	1.37 A
T-C229	8TMT	A=26-304	X-ray	1.70 A
T-C229	8TN0	A=26-304	X-ray	1.31 A
T-C230	8FQP	A/B=24-383	X-ray	1.42 A
T-C230	8FQQ	A/B=24-383	X-ray	1.48 A
T-C231	8CUP	A/B=24-384	X-ray	1.54 A
T-C231	8CUQ	A/B=24-384	X-ray	1.55 A
T-C231	8FQN	A/B=24-384	X-ray	1.26 A
T-C231	8FQO	A/B=24-384	X-ray	1.83 A
T-C231	8FQT	A/B=24-384	X-ray	1.89 A
T-C231	8FQU	A/B=24-384	X-ray	1.49 A
T-C231	9EHY	A/B=24-384	X-ray	1.57 A
T-C232	6I30	A=30-387	X-ray	2.21 A
T-C233	6T5K	C=18-257	X-ray	1.33 A
T-C234	8Z7M	A/B=40-267	X-ray	2.60 A
T-C235	4EQI	A/B=27-309	X-ray	1.38 A
T-C235	4EUZ	A=27-309	X-ray	1.08 A
T-C235	4EV4	A=27-309	X-ray	1.30 A
T-C235	6DMH	A=27-296	X-ray	1.30 A
T-C236	6CQS	A=32-276	X-ray	1.70 A
T-C237	7F0A	A=1-281	X-ray	1.95 A
T-C237	7F0B	A=1-281	X-ray	2.14 A
T-C237	7F0C	A=1-281	X-ray	2.07 A
T-C237	7F0F	A=1-281	X-ray	2.10 A
T-C238	2GDN	A=41-307	X-ray	1.72 A
T-C238	3CG5	A=43-307	X-ray	1.70 A
T-C238	3DWZ	A=43-307	X-ray	1.80 A
T-C238	3IQA	A=43-307	X-ray	2.20 A
T-C238	3M6B	A=43-307	X-ray	1.30 A
T-C238	3M6H	A=43-307	X-ray	1.99 A
T-C238	3N6I	A=43-307	X-ray	2.00 A
T-C238	3N7W	A=43-307	X-ray	1.70 A
T-C238	3N8L	A=43-307	X-ray	1.40 A
T-C238	3N8R	A=43-307	X-ray	1.41 A
T-C238	3N8S	A=43-307	X-ray	2.00 A
T-C238	3NBL	A=43-307	X-ray	2.00 A
T-C238	3NC8	A=43-307	X-ray	1.50 A
T-C238	3NCK	A=43-307	X-ray	2.80 A
T-C238	3NDE	A=43-307	X-ray	1.70 A
T-C238	3NDG	A=43-307	X-ray	1.90 A
T-C238	3NY4	A=43-307	X-ray	1.22 A
T-C238	3VFF	A/B/C/D=43-307	X-ray	2.78 A
T-C238	3VFH	A/B/C/D=43-307	X-ray	2.57 A
T-C238	3ZHH	A/B/C/D=32-307	X-ray	2.85 A
T-C238	4DF6	A=43-307	X-ray	2.29 A
T-C238	4EBL	A/B/C/D=43-307	X-ray	2.10 A
T-C238	4EBN	A/B/C/D=43-307	X-ray	2.85 A
T-C238	4EBP	A/B/C/D=43-307	X-ray	2.29 A
T-C238	4JLF	A=43-307	X-ray	2.10 A
T-C238	4Q8I	A=41-307	X-ray	1.90 A
T-C238	4QB8	A=42-307	X-ray	1.76 A
T-C238	4QHC	A=42-307	X-ray	1.90 A
T-C238	4X6T	A=45-307	X-ray	1.40 A
T-C238	5NJ2	A/B=43-307	X-ray	1.19 A
T-C238	5OYO	A/B=43-307	X-ray	2.10 A
T-C238	6B5X	A/B/C/D=41-307	X-ray	2.45 A
T-C238	6B5Y	A/B/C/D=41-307	X-ray	2.75 A
T-C238	6B68	A/B/C/D=41-307	X-ray	2.15 A
T-C238	6B69	A/B/C/D=41-307	X-ray	2.20 A
T-C238	6B6A	A/B/C/D=41-307	X-ray	2.30 A
T-C238	6B6B	A=41-307	X-ray	1.80 A
T-C238	6B6C	A=41-307	X-ray	1.90 A
T-C238	6B6D	A=41-307	X-ray	1.80 A
T-C238	6B6E	A=41-307	X-ray	1.90 A
T-C238	6B6F	A=41-307	X-ray	2.05 A
T-C238	6H27	A/B=43-307	X-ray	1.63 A
T-C238	6N14	A=39-307	X-ray	1.52 A
T-C238	7A5T	A=43-307	X-ray	1.40 A
T-C238	7A5U	A=43-307	X-ray	1.50 A
T-C238	7A5W	A=43-307	X-ray	1.40 A
T-C238	7A6Z	A=43-307	X-ray	1.30 A
T-C238	7A71	A=43-307	X-ray	1.40 A
T-C238	7A72	A=43-307	X-ray	1.30 A
T-C238	7A74	A=41-307	X-ray	1.60 A
T-C238	7K8E	A/B/C/D=41-307	X-ray	2.40 A
T-C238	7K8F	A/B/C/D=41-307	X-ray	2.60 A
T-C238	7K8H	A/B/C/D=41-307	X-ray	2.60 A
T-C238	7K8K	A/B/C/D=41-307	X-ray	2.70 A
T-C238	7K8L	A/B/C/D=41-307	X-ray	2.80 A
T-C238	8BTU	A=43-307	X-ray	1.80 A
T-C238	8BTV	A=43-307	X-ray	1.95 A
T-C238	8BTW	A=43-307	X-ray	1.90 A
T-C238	8BV4	A=43-307	X-ray	1.95 A
T-C238	8EBI	A/B/C/D=41-307	X-ray	2.70 A
T-C238	8EBR	A/B/C/D=41-307	X-ray	2.80 A
T-C238	8EC4	A/B/C/D=41-307	X-ray	2.35 A
T-C238	8ECF	A/B/C/D=41-307	X-ray	2.74 A
T-C238	8GCS	A/B/C/D=41-307	X-ray	2.62 A
T-C238	8GCT	A/B/C/D=41-307	X-ray	2.75 A
T-C238	8GCV	A/B/C/D=41-307	X-ray	2.20 A
T-C238	8GCX	A/B/C/D=41-307	X-ray	3.20 A
T-C238	8OE1	A/C=43-307	X-ray	1.90 A
T-C238	8OE5	A/C=43-307	X-ray	1.80 A
T-C238	8R88	A/B/C/D=43-307	X-ray	1.95 A
T-C238	8RFZ	A=43-307	X-ray	1.42 A
T-C238	8RG2	A=43-307	X-ray	1.80 A
T-C238	8RII	A=43-307	X-ray	2.30 A
T-C238	9QI5	A/B=43-307	X-ray	1.80 A
T-C238	9QI6	A/B=43-307	X-ray	1.80 A
T-C238	9QI7	A=44-307	X-ray	2.20 A
T-C239	6SXJ	A=1-255	X-ray	2.10 A
T-C239	6XXQ	A/B=1-255	X-ray	3.00 A
T-C239	6XZ0	A=1-255	X-ray	2.80 A
T-C240	6HZQ	A=234-588	X-ray	1.95 A
T-C240	6I1I	A=234-279, A=295-588	X-ray	1.75 A
T-C240	7ONN	A=68-158, A=164-203, A=228-570	X-ray	1.92 A
T-C240	7ONO	A=68-158, A=164-203, A=228-570	X-ray	2.30 A
T-C240	7ONW	A=49-588	X-ray	2.70 A
T-C240	8RTZ	AAA=234-279, AAA=295-588	X-ray	1.52 A
T-C241	5MMH	A/B/C/D=84-296	X-ray	2.20 A
T-C242	3J9W	AE=1-166	EM	3.90 A
T-C242	5NJT	E=2-166	EM	3.80 A
T-C242	6HA1	e=1-166	EM	3.10 A
T-C242	6HA8	e=1-166	EM	3.50 A
T-C242	6HTQ	e=3-166	EM	4.50 A
T-C242	7O5B	E=1-166	EM	3.33 A
T-C242	7QGU	j=1-166	EM	4.75 A
T-C242	7QH4	i=1-166	EM	5.45 A
T-C242	7QV1	e=1-166	EM	3.50 A
T-C242	7QV2	e=1-166	EM	3.50 A
T-C242	7QV3	e=1-166	EM	5.14 A
T-C242	8BUU	e=1-166	EM	2.90 A
T-C242	8CDU	G=1-166	EM	3.10 A
T-C242	8CDV	G=1-166	EM	4.73 A
T-C242	8CEC	G=1-166	EM	3.57 A
T-C242	8CED	G=1-166	EM	4.15 A
T-C242	8CEE	G=1-166	EM	3.70 A
T-C242	8QCQ	e=1-166	EM	2.30 A
T-C242	8QPP	E=1-166	EM	3.40 A
T-C242	8R55	E=1-166	EM	3.57 A
T-C243	5KS2	A=60-268	X-ray	2.18 A
T-C243	5KYG	A=60-268	X-ray	1.90 A
T-C243	7S0S	B=1-268	EM	3.05 A
T-C244	7LUU	A=1-307	X-ray	1.68 A
T-C245	1GA0	A=21-384	X-ray	1.60 A
T-C245	1ONH	A=21-384	X-ray	1.38 A
T-C245	1Q2Q	A=22-384	X-ray	1.40 A
T-C246	6LC7	A/B=21-381	X-ray	1.40 A
T-C246	6LC8	A/B=21-381	X-ray	1.60 A
T-C246	6LC9	A/B=21-381	X-ray	1.65 A
