target_id	db	id	chain	method	resolution	confidence
T-E1	AF	A0AA40JLD8	A			89.56
T-E2	AF	B0I1V7	A			87.50
T-E3	AF	O86264	A			81.06
T-E4	AF	Q0PRM7	A			89.88
T-E5	AF	Q46308	A			85.56
T-E6	AF	Q6XXM5	A			88.06
T-E7	AF	Q70US9	A			93.81
T-E8	PDB	1CA1	A	X-RAY DIFFRACTION	1.90	
T-E9	PDB	1CK1	A	X-RAY DIFFRACTION	2.60	
T-E10	PDB	1ESF	A	X-RAY DIFFRACTION	1.90	
T-E11	PDB	1F77	A	X-RAY DIFFRACTION	2.40	
T-E12	PDB	1F82	A	X-RAY DIFFRACTION	2.20	
T-E13	PDB	1GIQ	A	X-RAY DIFFRACTION	1.80	
T-E14	PDB	1STE	A	X-RAY DIFFRACTION	2.00	
T-E15	PDB	1UYJ	A	X-RAY DIFFRACTION	2.60	
T-E16	PDB	1XTC	A	X-RAY DIFFRACTION	2.40	
T-E17	PDB	1XTC	D	X-RAY DIFFRACTION	2.40	
T-E18	PDB	1XXG	A	X-RAY DIFFRACTION	2.20	
T-E19	PDB	1ZN3	B	X-RAY DIFFRACTION	2.60	
T-E20	PDB	2A8A	A	X-RAY DIFFRACTION	2.00	
T-E21	PDB	2A97	B	X-RAY DIFFRACTION	1.80	
T-E22	PDB	2AAI	B	X-RAY DIFFRACTION	2.50	
T-E23	PDB	2E4M	B	X-RAY DIFFRACTION	1.85	
T-E24	PDB	2E4M	C	X-RAY DIFFRACTION	1.85	
T-E25	PDB	2NTT	A	X-RAY DIFFRACTION	1.56	
T-E26	PDB	2Q3N	B	X-RAY DIFFRACTION	3.50	
T-E27	PDB	2RG9	A	X-RAY DIFFRACTION	1.95	
T-E28	PDB	2RG9	B	X-RAY DIFFRACTION	1.95	
T-E29	PDB	2ZS6	A	X-RAY DIFFRACTION	2.60	
T-E30	PDB	3ANZ	A	X-RAY DIFFRACTION	2.30	
T-E31	PDB	3K3Q	C	X-RAY DIFFRACTION	2.60	
T-E32	PDB	3MPP	G	X-RAY DIFFRACTION	1.98	
T-E33	PDB	3MXG	J	X-RAY DIFFRACTION	2.49	
T-E34	PDB	3N7K	B	X-RAY DIFFRACTION	2.50	
T-E35	PDB	3OBT	A	X-RAY DIFFRACTION	2.00	
T-E36	PDB	3RMX	D	X-RAY DIFFRACTION	2.75	
T-E37	PDB	3SEB	A	X-RAY DIFFRACTION	1.48	
T-E38	PDB	3ZUS	D	X-RAY DIFFRACTION	2.95	
T-E39	PDB	4FVU	A	X-RAY DIFFRACTION	2.91	
T-E40	PDB	4M1U	A	X-RAY DIFFRACTION	1.56	
T-E41	PDB	4OHJ	A	X-RAY DIFFRACTION	1.28	
T-E42	PDB	4U2X	A	X-RAY DIFFRACTION	3.15	
T-E43	PDB	4ZKT	F	X-RAY DIFFRACTION	3.05	
T-E44	PDB	5JMC	G	X-RAY DIFFRACTION	2.64	
T-E45	PDB	5OOO	A	X-RAY DIFFRACTION	2.20	
T-E46	PDB	5U75	A	X-RAY DIFFRACTION	1.66	
T-E47	PDB	5V5G	A	X-RAY DIFFRACTION	2.10	
T-E48	PDB	5V8U	B	X-RAY DIFFRACTION	2.05	
T-E49	PDB	5Z3J	A	X-RAY DIFFRACTION	1.70	
T-E50	PDB	6ES1	A	X-RAY DIFFRACTION	2.00	
T-E51	PDB	6FFA	A	X-RAY DIFFRACTION	1.50	
T-E52	PDB	6G5K	B	X-RAY DIFFRACTION	2.00	
T-E53	PDB	6KRY	A	X-RAY DIFFRACTION	1.80	
T-E54	PDB	6OBM	A	X-RAY DIFFRACTION	2.50	
T-E55	PDB	6S8C	A	X-RAY DIFFRACTION	2.57	
T-E56	PDB	7FFE	A	ELECTRON MICROSCOPY	3.50	
T-E57	PDB	7K84	A	X-RAY DIFFRACTION	2.50	
T-E58	PDB	7KZ7	A	X-RAY DIFFRACTION	1.80	
T-E59	PDB	8B07	A	X-RAY DIFFRACTION	2.05	
T-E60	PDB	8C9K	A	X-RAY DIFFRACTION	1.72	
T-E61	PDB	8DNG	A	ELECTRON MICROSCOPY	3.00	
